snapshot_date,source_id,race_id,chamber,state,district,value
2026-08-19,wikipedia,HOU_AL_02_2026,house,AL,02,cook:Likely R
2026-08-19,wikipedia,HOU_AL_02_2026,house,AL,02,inside_elections:Likely R
2026-08-19,wikipedia,HOU_AL_02_2026,house,AL,02,sabato:Likely R
2026-08-19,wikipedia,HOU_AL_02_2026,house,AL,02,inside_elections:Tilt R
2026-08-19,wikipedia,HOU_AL_02_2026,house,AL,02,ddhq:Likely R
2026-08-19,wikipedia,HOU_AL_02_2026,house,AL,02,fox_power_rankings:Likely R
2026-08-19,wikipedia,HOU_AK_01_2026,house,AK,01,cook:Likely R
2026-08-19,wikipedia,HOU_AK_01_2026,house,AK,01,inside_elections:Likely R
2026-08-19,wikipedia,HOU_AK_01_2026,house,AK,01,sabato:Likely R
2026-08-19,wikipedia,HOU_AK_01_2026,house,AK,01,inside_elections:Lean R
2026-08-19,wikipedia,HOU_AK_01_2026,house,AK,01,ddhq:Likely R
2026-08-19,wikipedia,HOU_AK_01_2026,house,AK,01,fox_power_rankings:Likely R
2026-08-19,wikipedia,HOU_AZ_01_2026,house,AZ,01,cook:Toss-up
2026-08-19,wikipedia,HOU_AZ_01_2026,house,AZ,01,inside_elections:Toss-up
2026-08-19,wikipedia,HOU_AZ_01_2026,house,AZ,01,sabato:Toss-up
2026-08-19,wikipedia,HOU_AZ_01_2026,house,AZ,01,inside_elections:Lean D
2026-08-19,wikipedia,HOU_AZ_01_2026,house,AZ,01,ddhq:Lean D
2026-08-19,wikipedia,HOU_AZ_01_2026,house,AZ,01,fox_power_rankings:Lean D
2026-08-19,wikipedia,HOU_AZ_02_2026,house,AZ,02,cook:Likely R
2026-08-19,wikipedia,HOU_AZ_02_2026,house,AZ,02,inside_elections:Likely R
2026-08-19,wikipedia,HOU_AZ_02_2026,house,AZ,02,sabato:Likely R
2026-08-19,wikipedia,HOU_AZ_02_2026,house,AZ,02,inside_elections:Lean R
2026-08-19,wikipedia,HOU_AZ_02_2026,house,AZ,02,ddhq:Likely R
2026-08-19,wikipedia,HOU_AZ_02_2026,house,AZ,02,fox_power_rankings:Likely R
2026-08-19,wikipedia,HOU_AZ_04_2026,house,AZ,04,cook:Solid D
2026-08-19,wikipedia,HOU_AZ_04_2026,house,AZ,04,inside_elections:Solid D
2026-08-19,wikipedia,HOU_AZ_04_2026,house,AZ,04,sabato:Safe D
2026-08-19,wikipedia,HOU_AZ_04_2026,house,AZ,04,inside_elections:Solid D
2026-08-19,wikipedia,HOU_AZ_04_2026,house,AZ,04,ddhq:Likely D
2026-08-19,wikipedia,HOU_AZ_04_2026,house,AZ,04,fox_power_rankings:Solid D
2026-08-19,wikipedia,HOU_AZ_05_2026,house,AZ,05,cook:Solid R
2026-08-19,wikipedia,HOU_AZ_05_2026,house,AZ,05,inside_elections:Solid R
2026-08-19,wikipedia,HOU_AZ_05_2026,house,AZ,05,sabato:Safe R
2026-08-19,wikipedia,HOU_AZ_05_2026,house,AZ,05,inside_elections:Likely R
2026-08-19,wikipedia,HOU_AZ_05_2026,house,AZ,05,ddhq:Likely R
2026-08-19,wikipedia,HOU_AZ_05_2026,house,AZ,05,fox_power_rankings:Solid R
2026-08-19,wikipedia,HOU_AZ_06_2026,house,AZ,06,cook:Toss-up
2026-08-19,wikipedia,HOU_AZ_06_2026,house,AZ,06,inside_elections:Toss-up
2026-08-19,wikipedia,HOU_AZ_06_2026,house,AZ,06,sabato:Toss-up
2026-08-19,wikipedia,HOU_AZ_06_2026,house,AZ,06,inside_elections:Lean D
2026-08-19,wikipedia,HOU_AZ_06_2026,house,AZ,06,ddhq:Lean D
2026-08-19,wikipedia,HOU_AZ_06_2026,house,AZ,06,fox_power_rankings:Lean D
2026-08-19,wikipedia,HOU_AZ_08_2026,house,AZ,08,cook:Solid R
2026-08-19,wikipedia,HOU_AZ_08_2026,house,AZ,08,inside_elections:Solid R
2026-08-19,wikipedia,HOU_AZ_08_2026,house,AZ,08,sabato:Safe R
2026-08-19,wikipedia,HOU_AZ_08_2026,house,AZ,08,inside_elections:Likely R
2026-08-19,wikipedia,HOU_AZ_08_2026,house,AZ,08,ddhq:Likely R
2026-08-19,wikipedia,HOU_AZ_08_2026,house,AZ,08,fox_power_rankings:Solid R
2026-08-19,wikipedia,HOU_AR_02_2026,house,AR,02,cook:Solid R
2026-08-19,wikipedia,HOU_AR_02_2026,house,AR,02,inside_elections:Solid R
2026-08-19,wikipedia,HOU_AR_02_2026,house,AR,02,sabato:Safe R
2026-08-19,wikipedia,HOU_AR_02_2026,house,AR,02,inside_elections:Likely R
2026-08-19,wikipedia,HOU_AR_02_2026,house,AR,02,ddhq:Likely R
2026-08-19,wikipedia,HOU_AR_02_2026,house,AR,02,fox_power_rankings:Solid R
2026-08-19,wikipedia,HOU_CA_01_2026,house,CA,01,cook:Solid D
2026-08-19,wikipedia,HOU_CA_01_2026,house,CA,01,inside_elections:Solid D
2026-08-19,wikipedia,HOU_CA_01_2026,house,CA,01,sabato:Safe D
2026-08-19,wikipedia,HOU_CA_01_2026,house,CA,01,inside_elections:Solid D
2026-08-19,wikipedia,HOU_CA_01_2026,house,CA,01,ddhq:Safe D
2026-08-19,wikipedia,HOU_CA_01_2026,house,CA,01,fox_power_rankings:Solid D
2026-08-19,wikipedia,HOU_CA_06_2026,house,CA,06,cook:Solid D
2026-08-19,wikipedia,HOU_CA_06_2026,house,CA,06,inside_elections:Lean D
2026-08-19,wikipedia,HOU_CA_06_2026,house,CA,06,sabato:Likely D
2026-08-19,wikipedia,HOU_CA_06_2026,house,CA,06,inside_elections:Likely D
2026-08-19,wikipedia,HOU_CA_06_2026,house,CA,06,ddhq:Safe D
2026-08-19,wikipedia,HOU_CA_06_2026,house,CA,06,fox_power_rankings:Solid D
2026-08-19,wikipedia,HOU_CA_13_2026,house,CA,13,cook:Lean D
2026-08-19,wikipedia,HOU_CA_13_2026,house,CA,13,inside_elections:Tilt D
2026-08-19,wikipedia,HOU_CA_13_2026,house,CA,13,sabato:Lean D
2026-08-19,wikipedia,HOU_CA_13_2026,house,CA,13,inside_elections:Solid D
2026-08-19,wikipedia,HOU_CA_13_2026,house,CA,13,ddhq:Likely D
2026-08-19,wikipedia,HOU_CA_13_2026,house,CA,13,fox_power_rankings:Lean D
2026-08-19,wikipedia,HOU_CA_21_2026,house,CA,21,cook:Likely D
2026-08-19,wikipedia,HOU_CA_21_2026,house,CA,21,inside_elections:Likely D
2026-08-19,wikipedia,HOU_CA_21_2026,house,CA,21,sabato:Likely D
2026-08-19,wikipedia,HOU_CA_21_2026,house,CA,21,inside_elections:Solid D
2026-08-19,wikipedia,HOU_CA_21_2026,house,CA,21,ddhq:Likely D
2026-08-19,wikipedia,HOU_CA_21_2026,house,CA,21,fox_power_rankings:Likely D
2026-08-19,wikipedia,HOU_CA_22_2026,house,CA,22,cook:Toss-up
2026-08-19,wikipedia,HOU_CA_22_2026,house,CA,22,inside_elections:Tilt R
2026-08-19,wikipedia,HOU_CA_22_2026,house,CA,22,sabato:Lean D
2026-08-19,wikipedia,HOU_CA_22_2026,house,CA,22,inside_elections:Lean D
2026-08-19,wikipedia,HOU_CA_22_2026,house,CA,22,ddhq:Lean D
2026-08-19,wikipedia,HOU_CA_22_2026,house,CA,22,fox_power_rankings:Toss-up
2026-08-19,wikipedia,HOU_CA_25_2026,house,CA,25,cook:Solid D
2026-08-19,wikipedia,HOU_CA_25_2026,house,CA,25,inside_elections:Solid D
2026-08-19,wikipedia,HOU_CA_25_2026,house,CA,25,sabato:Safe D
2026-08-19,wikipedia,HOU_CA_25_2026,house,CA,25,inside_elections:Solid D
2026-08-19,wikipedia,HOU_CA_25_2026,house,CA,25,ddhq:Likely D
2026-08-19,wikipedia,HOU_CA_25_2026,house,CA,25,fox_power_rankings:Solid D
2026-08-19,wikipedia,HOU_CA_45_2026,house,CA,45,cook:Likely D
2026-08-19,wikipedia,HOU_CA_45_2026,house,CA,45,inside_elections:Tilt D
2026-08-19,wikipedia,HOU_CA_45_2026,house,CA,45,sabato:Lean D
2026-08-19,wikipedia,HOU_CA_45_2026,house,CA,45,inside_elections:Solid D
2026-08-19,wikipedia,HOU_CA_45_2026,house,CA,45,ddhq:Likely D
2026-08-19,wikipedia,HOU_CA_45_2026,house,CA,45,fox_power_rankings:Lean D
2026-08-19,wikipedia,HOU_CA_48_2026,house,CA,48,cook:Lean D
2026-08-19,wikipedia,HOU_CA_48_2026,house,CA,48,inside_elections:Tilt D
2026-08-19,wikipedia,HOU_CA_48_2026,house,CA,48,sabato:Lean D
2026-08-19,wikipedia,HOU_CA_48_2026,house,CA,48,inside_elections:Likely D
2026-08-19,wikipedia,HOU_CA_48_2026,house,CA,48,ddhq:Likely D
2026-08-19,wikipedia,HOU_CA_48_2026,house,CA,48,fox_power_rankings:Lean D
2026-08-19,wikipedia,HOU_CA_49_2026,house,CA,49,cook:Solid D
2026-08-19,wikipedia,HOU_CA_49_2026,house,CA,49,inside_elections:Solid D
2026-08-19,wikipedia,HOU_CA_49_2026,house,CA,49,sabato:Safe D
2026-08-19,wikipedia,HOU_CA_49_2026,house,CA,49,inside_elections:Solid D
2026-08-19,wikipedia,HOU_CA_49_2026,house,CA,49,ddhq:Likely D
2026-08-19,wikipedia,HOU_CA_49_2026,house,CA,49,fox_power_rankings:Solid D
2026-08-19,wikipedia,HOU_CO_03_2026,house,CO,03,cook:Likely R
2026-08-19,wikipedia,HOU_CO_03_2026,house,CO,03,inside_elections:Likely R
2026-08-19,wikipedia,HOU_CO_03_2026,house,CO,03,sabato:Likely R
2026-08-19,wikipedia,HOU_CO_03_2026,house,CO,03,inside_elections:Lean R
2026-08-19,wikipedia,HOU_CO_03_2026,house,CO,03,ddhq:Lean R
2026-08-19,wikipedia,HOU_CO_03_2026,house,CO,03,fox_power_rankings:Lean R
2026-08-19,wikipedia,HOU_CO_04_2026,house,CO,04,cook:Solid R
2026-08-19,wikipedia,HOU_CO_04_2026,house,CO,04,inside_elections:Solid R
2026-08-19,wikipedia,HOU_CO_04_2026,house,CO,04,sabato:Likely R
2026-08-19,wikipedia,HOU_CO_04_2026,house,CO,04,inside_elections:Toss-up
2026-08-19,wikipedia,HOU_CO_04_2026,house,CO,04,ddhq:Likely R
2026-08-19,wikipedia,HOU_CO_04_2026,house,CO,04,fox_power_rankings:Likely R
2026-08-19,wikipedia,HOU_CO_05_2026,house,CO,05,cook:Likely R
2026-08-19,wikipedia,HOU_CO_05_2026,house,CO,05,inside_elections:Likely R
2026-08-19,wikipedia,HOU_CO_05_2026,house,CO,05,sabato:Likely R
2026-08-19,wikipedia,HOU_CO_05_2026,house,CO,05,inside_elections:Tilt R
2026-08-19,wikipedia,HOU_CO_05_2026,house,CO,05,ddhq:Likely R
2026-08-19,wikipedia,HOU_CO_05_2026,house,CO,05,fox_power_rankings:Likely R
2026-08-19,wikipedia,HOU_CO_08_2026,house,CO,08,cook:Toss-up
2026-08-19,wikipedia,HOU_CO_08_2026,house,CO,08,inside_elections:Toss-up
2026-08-19,wikipedia,HOU_CO_08_2026,house,CO,08,sabato:Toss-up
2026-08-19,wikipedia,HOU_CO_08_2026,house,CO,08,inside_elections:Likely D
2026-08-19,wikipedia,HOU_CO_08_2026,house,CO,08,ddhq:Lean D
2026-08-19,wikipedia,HOU_CO_08_2026,house,CO,08,fox_power_rankings:Lean D
2026-08-19,wikipedia,HOU_CT_05_2026,house,CT,05,cook:Solid D
2026-08-19,wikipedia,HOU_CT_05_2026,house,CT,05,inside_elections:Solid D
2026-08-19,wikipedia,HOU_CT_05_2026,house,CT,05,sabato:Safe D
2026-08-19,wikipedia,HOU_CT_05_2026,house,CT,05,inside_elections:Solid D
2026-08-19,wikipedia,HOU_CT_05_2026,house,CT,05,ddhq:Likely D
2026-08-19,wikipedia,HOU_CT_05_2026,house,CT,05,fox_power_rankings:Solid D
2026-08-19,wikipedia,HOU_FL_02_2026,house,FL,02,cook:Solid R
2026-08-19,wikipedia,HOU_FL_02_2026,house,FL,02,inside_elections:Solid R
2026-08-19,wikipedia,HOU_FL_02_2026,house,FL,02,sabato:Safe R
2026-08-19,wikipedia,HOU_FL_02_2026,house,FL,02,inside_elections:Solid R
2026-08-19,wikipedia,HOU_FL_02_2026,house,FL,02,ddhq:Likely R
2026-08-19,wikipedia,HOU_FL_02_2026,house,FL,02,fox_power_rankings:Solid R
2026-08-19,wikipedia,HOU_FL_04_2026,house,FL,04,cook:Solid R
2026-08-19,wikipedia,HOU_FL_04_2026,house,FL,04,inside_elections:Solid R
2026-08-19,wikipedia,HOU_FL_04_2026,house,FL,04,sabato:Safe R
2026-08-19,wikipedia,HOU_FL_04_2026,house,FL,04,inside_elections:Likely R
2026-08-19,wikipedia,HOU_FL_04_2026,house,FL,04,ddhq:Likely R
2026-08-19,wikipedia,HOU_FL_04_2026,house,FL,04,fox_power_rankings:Solid R
2026-08-19,wikipedia,HOU_FL_07_2026,house,FL,07,cook:Likely R
2026-08-19,wikipedia,HOU_FL_07_2026,house,FL,07,inside_elections:Likely R
2026-08-19,wikipedia,HOU_FL_07_2026,house,FL,07,sabato:Likely R
2026-08-19,wikipedia,HOU_FL_07_2026,house,FL,07,inside_elections:Tilt R
2026-08-19,wikipedia,HOU_FL_07_2026,house,FL,07,ddhq:Likely R
2026-08-19,wikipedia,HOU_FL_07_2026,house,FL,07,fox_power_rankings:Likely R
2026-08-19,wikipedia,HOU_FL_08_2026,house,FL,08,cook:Solid R
2026-08-19,wikipedia,HOU_FL_08_2026,house,FL,08,inside_elections:Solid R
2026-08-19,wikipedia,HOU_FL_08_2026,house,FL,08,sabato:Safe R
2026-08-19,wikipedia,HOU_FL_08_2026,house,FL,08,inside_elections:Likely R
2026-08-19,wikipedia,HOU_FL_08_2026,house,FL,08,ddhq:Likely R
2026-08-19,wikipedia,HOU_FL_08_2026,house,FL,08,fox_power_rankings:Solid R
2026-08-19,wikipedia,HOU_FL_09_2026,house,FL,09,cook:Likely R
2026-08-19,wikipedia,HOU_FL_09_2026,house,FL,09,inside_elections:Likely R
2026-08-19,wikipedia,HOU_FL_09_2026,house,FL,09,sabato:Likely R
2026-08-19,wikipedia,HOU_FL_09_2026,house,FL,09,inside_elections:Tilt R
2026-08-19,wikipedia,HOU_FL_09_2026,house,FL,09,ddhq:Lean R
2026-08-19,wikipedia,HOU_FL_09_2026,house,FL,09,fox_power_rankings:Likely R
2026-08-19,wikipedia,HOU_FL_11_2026,house,FL,11,cook:Solid R
2026-08-19,wikipedia,HOU_FL_11_2026,house,FL,11,inside_elections:Solid R
2026-08-19,wikipedia,HOU_FL_11_2026,house,FL,11,sabato:Safe R
2026-08-19,wikipedia,HOU_FL_11_2026,house,FL,11,inside_elections:Likely R
2026-08-19,wikipedia,HOU_FL_11_2026,house,FL,11,ddhq:Likely R
2026-08-19,wikipedia,HOU_FL_11_2026,house,FL,11,fox_power_rankings:Solid R
2026-08-19,wikipedia,HOU_FL_12_2026,house,FL,12,cook:Solid R
2026-08-19,wikipedia,HOU_FL_12_2026,house,FL,12,inside_elections:Solid R
2026-08-19,wikipedia,HOU_FL_12_2026,house,FL,12,sabato:Likely R
2026-08-19,wikipedia,HOU_FL_12_2026,house,FL,12,inside_elections:Likely R
2026-08-19,wikipedia,HOU_FL_12_2026,house,FL,12,ddhq:Safe R
2026-08-19,wikipedia,HOU_FL_12_2026,house,FL,12,fox_power_rankings:Solid R
2026-08-19,wikipedia,HOU_FL_13_2026,house,FL,13,cook:Likely R
2026-08-19,wikipedia,HOU_FL_13_2026,house,FL,13,inside_elections:Likely R
2026-08-19,wikipedia,HOU_FL_13_2026,house,FL,13,sabato:Likely R
2026-08-19,wikipedia,HOU_FL_13_2026,house,FL,13,inside_elections:Likely R
2026-08-19,wikipedia,HOU_FL_13_2026,house,FL,13,ddhq:Likely R
2026-08-19,wikipedia,HOU_FL_13_2026,house,FL,13,fox_power_rankings:Likely R
2026-08-19,wikipedia,HOU_FL_14_2026,house,FL,14,cook:Lean R
2026-08-19,wikipedia,HOU_FL_14_2026,house,FL,14,inside_elections:Lean R
2026-08-19,wikipedia,HOU_FL_14_2026,house,FL,14,sabato:Toss-up
2026-08-19,wikipedia,HOU_FL_14_2026,house,FL,14,inside_elections:Tilt D
2026-08-19,wikipedia,HOU_FL_14_2026,house,FL,14,ddhq:Lean D
2026-08-19,wikipedia,HOU_FL_14_2026,house,FL,14,fox_power_rankings:Lean R
2026-08-19,wikipedia,HOU_FL_15_2026,house,FL,15,cook:Solid R
2026-08-19,wikipedia,HOU_FL_15_2026,house,FL,15,inside_elections:Solid R
2026-08-19,wikipedia,HOU_FL_15_2026,house,FL,15,sabato:Safe R
2026-08-19,wikipedia,HOU_FL_15_2026,house,FL,15,inside_elections:Solid R
2026-08-19,wikipedia,HOU_FL_15_2026,house,FL,15,ddhq:Likely R
2026-08-19,wikipedia,HOU_FL_15_2026,house,FL,15,fox_power_rankings:Solid R
2026-08-19,wikipedia,HOU_FL_16_2026,house,FL,16,cook:Solid R
2026-08-19,wikipedia,HOU_FL_16_2026,house,FL,16,inside_elections:Solid R
2026-08-19,wikipedia,HOU_FL_16_2026,house,FL,16,sabato:Likely R
2026-08-19,wikipedia,HOU_FL_16_2026,house,FL,16,inside_elections:Likely R
2026-08-19,wikipedia,HOU_FL_16_2026,house,FL,16,ddhq:Likely R
2026-08-19,wikipedia,HOU_FL_16_2026,house,FL,16,fox_power_rankings:Likely R
2026-08-19,wikipedia,HOU_FL_18_2026,house,FL,18,cook:Solid R
2026-08-19,wikipedia,HOU_FL_18_2026,house,FL,18,inside_elections:Solid R
2026-08-19,wikipedia,HOU_FL_18_2026,house,FL,18,sabato:Safe R
2026-08-19,wikipedia,HOU_FL_18_2026,house,FL,18,inside_elections:Solid R
2026-08-19,wikipedia,HOU_FL_18_2026,house,FL,18,ddhq:Likely R
2026-08-19,wikipedia,HOU_FL_18_2026,house,FL,18,fox_power_rankings:Solid R
2026-08-19,wikipedia,HOU_FL_21_2026,house,FL,21,cook:Solid R
2026-08-19,wikipedia,HOU_FL_21_2026,house,FL,21,inside_elections:Solid R
2026-08-19,wikipedia,HOU_FL_21_2026,house,FL,21,sabato:Safe R
2026-08-19,wikipedia,HOU_FL_21_2026,house,FL,21,inside_elections:Solid R
2026-08-19,wikipedia,HOU_FL_21_2026,house,FL,21,ddhq:Likely R
2026-08-19,wikipedia,HOU_FL_21_2026,house,FL,21,fox_power_rankings:Solid R
2026-08-19,wikipedia,HOU_FL_22_2026,house,FL,22,cook:Lean R
2026-08-19,wikipedia,HOU_FL_22_2026,house,FL,22,inside_elections:Tilt R
2026-08-19,wikipedia,HOU_FL_22_2026,house,FL,22,sabato:Lean R
2026-08-19,wikipedia,HOU_FL_22_2026,house,FL,22,inside_elections:Lean R
2026-08-19,wikipedia,HOU_FL_22_2026,house,FL,22,ddhq:Lean R
2026-08-19,wikipedia,HOU_FL_22_2026,house,FL,22,fox_power_rankings:Lean R
2026-08-19,wikipedia,HOU_FL_25_2026,house,FL,25,cook:Toss-up
2026-08-19,wikipedia,HOU_FL_25_2026,house,FL,25,inside_elections:Toss-up
2026-08-19,wikipedia,HOU_FL_25_2026,house,FL,25,sabato:Toss-up
2026-08-19,wikipedia,HOU_FL_25_2026,house,FL,25,inside_elections:Lean D
2026-08-19,wikipedia,HOU_FL_25_2026,house,FL,25,ddhq:Toss-up
2026-08-19,wikipedia,HOU_FL_25_2026,house,FL,25,fox_power_rankings:Toss-up
2026-08-19,wikipedia,HOU_FL_26_2026,house,FL,26,cook:Solid R
2026-08-19,wikipedia,HOU_FL_26_2026,house,FL,26,inside_elections:Solid R
2026-08-19,wikipedia,HOU_FL_26_2026,house,FL,26,sabato:Safe R
2026-08-19,wikipedia,HOU_FL_26_2026,house,FL,26,inside_elections:Likely R
2026-08-19,wikipedia,HOU_FL_26_2026,house,FL,26,ddhq:Likely R
2026-08-19,wikipedia,HOU_FL_26_2026,house,FL,26,fox_power_rankings:Solid R
2026-08-19,wikipedia,HOU_FL_27_2026,house,FL,27,cook:Likely R
2026-08-19,wikipedia,HOU_FL_27_2026,house,FL,27,inside_elections:Likely R
2026-08-19,wikipedia,HOU_FL_27_2026,house,FL,27,sabato:Likely R
2026-08-19,wikipedia,HOU_FL_27_2026,house,FL,27,inside_elections:Lean R
2026-08-19,wikipedia,HOU_FL_27_2026,house,FL,27,ddhq:Likely R
2026-08-19,wikipedia,HOU_FL_27_2026,house,FL,27,fox_power_rankings:Likely R
2026-08-19,wikipedia,HOU_FL_28_2026,house,FL,28,cook:Solid R
2026-08-19,wikipedia,HOU_FL_28_2026,house,FL,28,inside_elections:Solid R
2026-08-19,wikipedia,HOU_FL_28_2026,house,FL,28,sabato:Safe R
2026-08-19,wikipedia,HOU_FL_28_2026,house,FL,28,inside_elections:Likely R
2026-08-19,wikipedia,HOU_FL_28_2026,house,FL,28,ddhq:Safe R
2026-08-19,wikipedia,HOU_FL_28_2026,house,FL,28,fox_power_rankings:Solid R
2026-08-19,wikipedia,HOU_GA_01_2026,house,GA,01,cook:Solid R
2026-08-19,wikipedia,HOU_GA_01_2026,house,GA,01,inside_elections:Solid R
2026-08-19,wikipedia,HOU_GA_01_2026,house,GA,01,sabato:Safe R
2026-08-19,wikipedia,HOU_GA_01_2026,house,GA,01,inside_elections:Likely R
2026-08-19,wikipedia,HOU_GA_01_2026,house,GA,01,ddhq:Likely R
2026-08-19,wikipedia,HOU_GA_01_2026,house,GA,01,fox_power_rankings:Solid R
2026-08-19,wikipedia,HOU_GA_12_2026,house,GA,12,cook:Solid R
2026-08-19,wikipedia,HOU_GA_12_2026,house,GA,12,inside_elections:Solid R
2026-08-19,wikipedia,HOU_GA_12_2026,house,GA,12,sabato:Safe R
2026-08-19,wikipedia,HOU_GA_12_2026,house,GA,12,inside_elections:Solid R
2026-08-19,wikipedia,HOU_GA_12_2026,house,GA,12,ddhq:Likely R
2026-08-19,wikipedia,HOU_GA_12_2026,house,GA,12,fox_power_rankings:Solid R
2026-08-19,wikipedia,HOU_GA_14_2026,house,GA,14,cook:Solid R
2026-08-19,wikipedia,HOU_GA_14_2026,house,GA,14,inside_elections:Solid R
2026-08-19,wikipedia,HOU_GA_14_2026,house,GA,14,sabato:Safe R
2026-08-19,wikipedia,HOU_GA_14_2026,house,GA,14,inside_elections:Solid R
2026-08-19,wikipedia,HOU_GA_14_2026,house,GA,14,ddhq:Safe R
2026-08-19,wikipedia,HOU_GA_14_2026,house,GA,14,fox_power_rankings:Solid R
2026-08-19,wikipedia,HOU_IL_06_2026,house,IL,06,cook:Solid D
2026-08-19,wikipedia,HOU_IL_06_2026,house,IL,06,inside_elections:Solid D
2026-08-19,wikipedia,HOU_IL_06_2026,house,IL,06,sabato:Safe D
2026-08-19,wikipedia,HOU_IL_06_2026,house,IL,06,inside_elections:Solid D
2026-08-19,wikipedia,HOU_IL_06_2026,house,IL,06,ddhq:Likely D
2026-08-19,wikipedia,HOU_IL_06_2026,house,IL,06,fox_power_rankings:Solid D
2026-08-19,wikipedia,HOU_IL_08_2026,house,IL,08,cook:Solid D
2026-08-19,wikipedia,HOU_IL_08_2026,house,IL,08,inside_elections:Solid D
2026-08-19,wikipedia,HOU_IL_08_2026,house,IL,08,sabato:Safe D
2026-08-19,wikipedia,HOU_IL_08_2026,house,IL,08,inside_elections:Solid D
2026-08-19,wikipedia,HOU_IL_08_2026,house,IL,08,ddhq:Likely D
2026-08-19,wikipedia,HOU_IL_08_2026,house,IL,08,fox_power_rankings:Solid D
2026-08-19,wikipedia,HOU_IL_14_2026,house,IL,14,cook:Solid D
2026-08-19,wikipedia,HOU_IL_14_2026,house,IL,14,inside_elections:Solid D
2026-08-19,wikipedia,HOU_IL_14_2026,house,IL,14,sabato:Safe D
2026-08-19,wikipedia,HOU_IL_14_2026,house,IL,14,inside_elections:Solid D
2026-08-19,wikipedia,HOU_IL_14_2026,house,IL,14,ddhq:Likely D
2026-08-19,wikipedia,HOU_IL_14_2026,house,IL,14,fox_power_rankings:Solid D
2026-08-19,wikipedia,HOU_IL_17_2026,house,IL,17,cook:Solid D
2026-08-19,wikipedia,HOU_IL_17_2026,house,IL,17,inside_elections:Solid D
2026-08-19,wikipedia,HOU_IL_17_2026,house,IL,17,sabato:Safe D
2026-08-19,wikipedia,HOU_IL_17_2026,house,IL,17,inside_elections:Solid D
2026-08-19,wikipedia,HOU_IL_17_2026,house,IL,17,ddhq:Likely D
2026-08-19,wikipedia,HOU_IL_17_2026,house,IL,17,fox_power_rankings:Solid D
2026-08-19,wikipedia,HOU_IN_01_2026,house,IN,01,cook:Likely D
2026-08-19,wikipedia,HOU_IN_01_2026,house,IN,01,inside_elections:Likely D
2026-08-19,wikipedia,HOU_IN_01_2026,house,IN,01,sabato:Likely D
2026-08-19,wikipedia,HOU_IN_01_2026,house,IN,01,inside_elections:Solid D
2026-08-19,wikipedia,HOU_IN_01_2026,house,IN,01,ddhq:Likely D
2026-08-19,wikipedia,HOU_IN_01_2026,house,IN,01,fox_power_rankings:Likely D
2026-08-19,wikipedia,HOU_IN_05_2026,house,IN,05,cook:Solid R
2026-08-19,wikipedia,HOU_IN_05_2026,house,IN,05,inside_elections:Solid R
2026-08-19,wikipedia,HOU_IN_05_2026,house,IN,05,sabato:Safe R
2026-08-19,wikipedia,HOU_IN_05_2026,house,IN,05,inside_elections:Likely R
2026-08-19,wikipedia,HOU_IN_05_2026,house,IN,05,ddhq:Likely R
2026-08-19,wikipedia,HOU_IN_05_2026,house,IN,05,fox_power_rankings:Solid R
2026-08-19,wikipedia,HOU_IA_01_2026,house,IA,01,cook:Toss-up
2026-08-19,wikipedia,HOU_IA_01_2026,house,IA,01,inside_elections:Toss-up
2026-08-19,wikipedia,HOU_IA_01_2026,house,IA,01,sabato:Toss-up
2026-08-19,wikipedia,HOU_IA_01_2026,house,IA,01,inside_elections:Lean D
2026-08-19,wikipedia,HOU_IA_01_2026,house,IA,01,ddhq:Lean D
2026-08-19,wikipedia,HOU_IA_01_2026,house,IA,01,fox_power_rankings:Toss-up
2026-08-19,wikipedia,HOU_IA_02_2026,house,IA,02,cook:Lean R
2026-08-19,wikipedia,HOU_IA_02_2026,house,IA,02,inside_elections:Lean R
2026-08-19,wikipedia,HOU_IA_02_2026,house,IA,02,sabato:Lean R
2026-08-19,wikipedia,HOU_IA_02_2026,house,IA,02,inside_elections:Toss-up
2026-08-19,wikipedia,HOU_IA_02_2026,house,IA,02,ddhq:Lean R
2026-08-19,wikipedia,HOU_IA_02_2026,house,IA,02,fox_power_rankings:Lean R
2026-08-19,wikipedia,HOU_IA_03_2026,house,IA,03,cook:Toss-up
2026-08-19,wikipedia,HOU_IA_03_2026,house,IA,03,inside_elections:Toss-up
2026-08-19,wikipedia,HOU_IA_03_2026,house,IA,03,sabato:Toss-up
2026-08-19,wikipedia,HOU_IA_03_2026,house,IA,03,inside_elections:Lean D
2026-08-19,wikipedia,HOU_IA_03_2026,house,IA,03,ddhq:Lean D
2026-08-19,wikipedia,HOU_IA_03_2026,house,IA,03,fox_power_rankings:Toss-up
2026-08-19,wikipedia,HOU_KS_02_2026,house,KS,02,cook:Solid R
2026-08-19,wikipedia,HOU_KS_02_2026,house,KS,02,inside_elections:Solid R
2026-08-19,wikipedia,HOU_KS_02_2026,house,KS,02,sabato:Safe R
2026-08-19,wikipedia,HOU_KS_02_2026,house,KS,02,inside_elections:Likely R
2026-08-19,wikipedia,HOU_KS_02_2026,house,KS,02,ddhq:Safe R
2026-08-19,wikipedia,HOU_KS_02_2026,house,KS,02,fox_power_rankings:Solid R
2026-08-19,wikipedia,HOU_KS_03_2026,house,KS,03,cook:Solid D
2026-08-19,wikipedia,HOU_KS_03_2026,house,KS,03,inside_elections:Solid D
2026-08-19,wikipedia,HOU_KS_03_2026,house,KS,03,sabato:Safe D
2026-08-19,wikipedia,HOU_KS_03_2026,house,KS,03,inside_elections:Solid D
2026-08-19,wikipedia,HOU_KS_03_2026,house,KS,03,ddhq:Likely D
2026-08-19,wikipedia,HOU_KS_03_2026,house,KS,03,fox_power_rankings:Solid D
2026-08-19,wikipedia,HOU_KY_06_2026,house,KY,06,cook:Likely R
2026-08-19,wikipedia,HOU_KY_06_2026,house,KY,06,inside_elections:Solid R
2026-08-19,wikipedia,HOU_KY_06_2026,house,KY,06,sabato:Likely R
2026-08-19,wikipedia,HOU_KY_06_2026,house,KY,06,inside_elections:Likely R
2026-08-19,wikipedia,HOU_KY_06_2026,house,KY,06,ddhq:Likely R
2026-08-19,wikipedia,HOU_KY_06_2026,house,KY,06,fox_power_rankings:Likely R
2026-08-19,wikipedia,HOU_ME_01_2026,house,ME,01,cook:Solid D
2026-08-19,wikipedia,HOU_ME_01_2026,house,ME,01,inside_elections:Solid D
2026-08-19,wikipedia,HOU_ME_01_2026,house,ME,01,sabato:Safe D
2026-08-19,wikipedia,HOU_ME_01_2026,house,ME,01,inside_elections:Solid D
2026-08-19,wikipedia,HOU_ME_01_2026,house,ME,01,ddhq:Safe D
2026-08-19,wikipedia,HOU_ME_01_2026,house,ME,01,fox_power_rankings:Solid D
2026-08-19,wikipedia,HOU_ME_02_2026,house,ME,02,cook:Likely R
2026-08-19,wikipedia,HOU_ME_02_2026,house,ME,02,inside_elections:Likely R
2026-08-19,wikipedia,HOU_ME_02_2026,house,ME,02,sabato:Likely R
2026-08-19,wikipedia,HOU_ME_02_2026,house,ME,02,inside_elections:Tilt R
2026-08-19,wikipedia,HOU_ME_02_2026,house,ME,02,ddhq:Lean R
2026-08-19,wikipedia,HOU_ME_02_2026,house,ME,02,fox_power_rankings:Lean R
2026-08-19,wikipedia,HOU_MD_01_2026,house,MD,01,cook:Solid R
2026-08-19,wikipedia,HOU_MD_01_2026,house,MD,01,inside_elections:Solid R
2026-08-19,wikipedia,HOU_MD_01_2026,house,MD,01,sabato:Safe R
2026-08-19,wikipedia,HOU_MD_01_2026,house,MD,01,inside_elections:Solid R
2026-08-19,wikipedia,HOU_MD_01_2026,house,MD,01,ddhq:Safe R
2026-08-19,wikipedia,HOU_MD_01_2026,house,MD,01,fox_power_rankings:Solid R
2026-08-19,wikipedia,HOU_MD_06_2026,house,MD,06,cook:Solid D
2026-08-19,wikipedia,HOU_MD_06_2026,house,MD,06,inside_elections:Solid D
2026-08-19,wikipedia,HOU_MD_06_2026,house,MD,06,sabato:Safe D
2026-08-19,wikipedia,HOU_MD_06_2026,house,MD,06,inside_elections:Solid D
2026-08-19,wikipedia,HOU_MD_06_2026,house,MD,06,ddhq:Likely D
2026-08-19,wikipedia,HOU_MD_06_2026,house,MD,06,fox_power_rankings:Solid D
2026-08-19,wikipedia,HOU_MI_01_2026,house,MI,01,cook:Solid R
2026-08-19,wikipedia,HOU_MI_01_2026,house,MI,01,inside_elections:Solid R
2026-08-19,wikipedia,HOU_MI_01_2026,house,MI,01,sabato:Safe R
2026-08-19,wikipedia,HOU_MI_01_2026,house,MI,01,inside_elections:Solid R
2026-08-19,wikipedia,HOU_MI_01_2026,house,MI,01,ddhq:Likely R
2026-08-19,wikipedia,HOU_MI_01_2026,house,MI,01,fox_power_rankings:Solid R
2026-08-19,wikipedia,HOU_MI_03_2026,house,MI,03,cook:Solid D
2026-08-19,wikipedia,HOU_MI_03_2026,house,MI,03,inside_elections:Likely D
2026-08-19,wikipedia,HOU_MI_03_2026,house,MI,03,sabato:Safe D
2026-08-19,wikipedia,HOU_MI_03_2026,house,MI,03,inside_elections:Solid D
2026-08-19,wikipedia,HOU_MI_03_2026,house,MI,03,ddhq:Likely D
2026-08-19,wikipedia,HOU_MI_03_2026,house,MI,03,fox_power_rankings:Solid D
2026-08-19,wikipedia,HOU_MI_04_2026,house,MI,04,cook:Lean R
2026-08-19,wikipedia,HOU_MI_04_2026,house,MI,04,inside_elections:Lean R
2026-08-19,wikipedia,HOU_MI_04_2026,house,MI,04,sabato:Lean R
2026-08-19,wikipedia,HOU_MI_04_2026,house,MI,04,inside_elections:Lean R
2026-08-19,wikipedia,HOU_MI_04_2026,house,MI,04,ddhq:Likely R
2026-08-19,wikipedia,HOU_MI_04_2026,house,MI,04,fox_power_rankings:Lean R
2026-08-19,wikipedia,HOU_MI_07_2026,house,MI,07,cook:Toss-up
2026-08-19,wikipedia,HOU_MI_07_2026,house,MI,07,inside_elections:Toss-up
2026-08-19,wikipedia,HOU_MI_07_2026,house,MI,07,sabato:Toss-up
2026-08-19,wikipedia,HOU_MI_07_2026,house,MI,07,inside_elections:Tilt D
2026-08-19,wikipedia,HOU_MI_07_2026,house,MI,07,ddhq:Lean D
2026-08-19,wikipedia,HOU_MI_07_2026,house,MI,07,fox_power_rankings:Toss-up
2026-08-19,wikipedia,HOU_MI_08_2026,house,MI,08,cook:Lean D
2026-08-19,wikipedia,HOU_MI_08_2026,house,MI,08,inside_elections:Solid D
2026-08-19,wikipedia,HOU_MI_08_2026,house,MI,08,sabato:Likely D
2026-08-19,wikipedia,HOU_MI_08_2026,house,MI,08,inside_elections:Likely D
2026-08-19,wikipedia,HOU_MI_08_2026,house,MI,08,ddhq:Likely D
2026-08-19,wikipedia,HOU_MI_08_2026,house,MI,08,fox_power_rankings:Likely D
2026-08-19,wikipedia,HOU_MI_10_2026,house,MI,10,cook:Lean R
2026-08-19,wikipedia,HOU_MI_10_2026,house,MI,10,inside_elections:Tilt R
2026-08-19,wikipedia,HOU_MI_10_2026,house,MI,10,sabato:Toss-up
2026-08-19,wikipedia,HOU_MI_10_2026,house,MI,10,inside_elections:Tilt D
2026-08-19,wikipedia,HOU_MI_10_2026,house,MI,10,ddhq:Toss-up
2026-08-19,wikipedia,HOU_MI_10_2026,house,MI,10,fox_power_rankings:Toss-up
2026-08-19,wikipedia,HOU_MN_01_2026,house,MN,01,cook:Likely R
2026-08-19,wikipedia,HOU_MN_01_2026,house,MN,01,inside_elections:Solid R
2026-08-19,wikipedia,HOU_MN_01_2026,house,MN,01,sabato:Likely R
2026-08-19,wikipedia,HOU_MN_01_2026,house,MN,01,inside_elections:Lean R
2026-08-19,wikipedia,HOU_MN_01_2026,house,MN,01,ddhq:Likely R
2026-08-19,wikipedia,HOU_MN_01_2026,house,MN,01,fox_power_rankings:Likely R
2026-08-19,wikipedia,HOU_MN_02_2026,house,MN,02,cook:Likely D
2026-08-19,wikipedia,HOU_MN_02_2026,house,MN,02,inside_elections:Likely D
2026-08-19,wikipedia,HOU_MN_02_2026,house,MN,02,sabato:Likely D
2026-08-19,wikipedia,HOU_MN_02_2026,house,MN,02,inside_elections:Solid D
2026-08-19,wikipedia,HOU_MN_02_2026,house,MN,02,ddhq:Likely D
2026-08-19,wikipedia,HOU_MN_02_2026,house,MN,02,fox_power_rankings:Likely D
2026-08-19,wikipedia,HOU_MN_08_2026,house,MN,08,cook:Solid R
2026-08-19,wikipedia,HOU_MN_08_2026,house,MN,08,inside_elections:Solid R
2026-08-19,wikipedia,HOU_MN_08_2026,house,MN,08,sabato:Safe R
2026-08-19,wikipedia,HOU_MN_08_2026,house,MN,08,inside_elections:Likely R
2026-08-19,wikipedia,HOU_MN_08_2026,house,MN,08,ddhq:Likely R
2026-08-19,wikipedia,HOU_MN_08_2026,house,MN,08,fox_power_rankings:Solid R
2026-08-19,wikipedia,HOU_MO_02_2026,house,MO,02,cook:Solid R
2026-08-19,wikipedia,HOU_MO_02_2026,house,MO,02,inside_elections:Solid R
2026-08-19,wikipedia,HOU_MO_02_2026,house,MO,02,sabato:Safe R
2026-08-19,wikipedia,HOU_MO_02_2026,house,MO,02,inside_elections:Likely R
2026-08-19,wikipedia,HOU_MO_02_2026,house,MO,02,ddhq:Likely R
2026-08-19,wikipedia,HOU_MO_02_2026,house,MO,02,fox_power_rankings:Likely R
2026-08-19,wikipedia,HOU_MO_05_2026,house,MO,05,cook:Solid R
2026-08-19,wikipedia,HOU_MO_05_2026,house,MO,05,inside_elections:Solid R
2026-08-19,wikipedia,HOU_MO_05_2026,house,MO,05,sabato:Safe R
2026-08-19,wikipedia,HOU_MO_05_2026,house,MO,05,inside_elections:Lean R
2026-08-19,wikipedia,HOU_MO_05_2026,house,MO,05,ddhq:Likely R
2026-08-19,wikipedia,HOU_MO_05_2026,house,MO,05,fox_power_rankings:Solid R
2026-08-19,wikipedia,HOU_MT_01_2026,house,MT,01,cook:Likely R
2026-08-19,wikipedia,HOU_MT_01_2026,house,MT,01,inside_elections:Likely R
2026-08-19,wikipedia,HOU_MT_01_2026,house,MT,01,sabato:Likely R
2026-08-19,wikipedia,HOU_MT_01_2026,house,MT,01,inside_elections:Tilt R
2026-08-19,wikipedia,HOU_MT_01_2026,house,MT,01,ddhq:Lean R
2026-08-19,wikipedia,HOU_MT_01_2026,house,MT,01,fox_power_rankings:Lean R
2026-08-19,wikipedia,HOU_NE_01_2026,house,NE,01,cook:Solid R
2026-08-19,wikipedia,HOU_NE_01_2026,house,NE,01,inside_elections:Solid R
2026-08-19,wikipedia,HOU_NE_01_2026,house,NE,01,sabato:Safe R
2026-08-19,wikipedia,HOU_NE_01_2026,house,NE,01,inside_elections:Likely R
2026-08-19,wikipedia,HOU_NE_01_2026,house,NE,01,ddhq:Likely R
2026-08-19,wikipedia,HOU_NE_01_2026,house,NE,01,fox_power_rankings:Solid R
2026-08-19,wikipedia,HOU_NE_02_2026,house,NE,02,cook:Lean D
2026-08-19,wikipedia,HOU_NE_02_2026,house,NE,02,inside_elections:Tilt D
2026-08-19,wikipedia,HOU_NE_02_2026,house,NE,02,sabato:Lean D
2026-08-19,wikipedia,HOU_NE_02_2026,house,NE,02,inside_elections:Likely D
2026-08-19,wikipedia,HOU_NE_02_2026,house,NE,02,ddhq:Likely D
2026-08-19,wikipedia,HOU_NE_02_2026,house,NE,02,fox_power_rankings:Lean D
2026-08-19,wikipedia,HOU_NV_01_2026,house,NV,01,cook:Likely D
2026-08-19,wikipedia,HOU_NV_01_2026,house,NV,01,inside_elections:Lean D
2026-08-19,wikipedia,HOU_NV_01_2026,house,NV,01,sabato:Likely D
2026-08-19,wikipedia,HOU_NV_01_2026,house,NV,01,inside_elections:Likely D
2026-08-19,wikipedia,HOU_NV_01_2026,house,NV,01,ddhq:Likely D
2026-08-19,wikipedia,HOU_NV_01_2026,house,NV,01,fox_power_rankings:Likely D
2026-08-19,wikipedia,HOU_NV_02_2026,house,NV,02,cook:Solid R
2026-08-19,wikipedia,HOU_NV_02_2026,house,NV,02,inside_elections:Solid R
2026-08-19,wikipedia,HOU_NV_02_2026,house,NV,02,sabato:Safe R
2026-08-19,wikipedia,HOU_NV_02_2026,house,NV,02,inside_elections:Lean R
2026-08-19,wikipedia,HOU_NV_02_2026,house,NV,02,ddhq:Likely R
2026-08-19,wikipedia,HOU_NV_02_2026,house,NV,02,fox_power_rankings:Solid R
2026-08-19,wikipedia,HOU_NV_03_2026,house,NV,03,cook:Lean D
2026-08-19,wikipedia,HOU_NV_03_2026,house,NV,03,inside_elections:Lean D
2026-08-19,wikipedia,HOU_NV_03_2026,house,NV,03,sabato:Lean D
2026-08-19,wikipedia,HOU_NV_03_2026,house,NV,03,inside_elections:Likely D
2026-08-19,wikipedia,HOU_NV_03_2026,house,NV,03,ddhq:Lean D
2026-08-19,wikipedia,HOU_NV_03_2026,house,NV,03,fox_power_rankings:Likely D
2026-08-19,wikipedia,HOU_NV_04_2026,house,NV,04,cook:Likely D
2026-08-19,wikipedia,HOU_NV_04_2026,house,NV,04,inside_elections:Likely D
2026-08-19,wikipedia,HOU_NV_04_2026,house,NV,04,sabato:Likely D
2026-08-19,wikipedia,HOU_NV_04_2026,house,NV,04,inside_elections:Solid D
2026-08-19,wikipedia,HOU_NV_04_2026,house,NV,04,ddhq:Likely D
2026-08-19,wikipedia,HOU_NV_04_2026,house,NV,04,fox_power_rankings:Likely D
2026-08-19,wikipedia,HOU_NH_01_2026,house,NH,01,cook:Likely D
2026-08-19,wikipedia,HOU_NH_01_2026,house,NH,01,inside_elections:Lean D
2026-08-19,wikipedia,HOU_NH_01_2026,house,NH,01,sabato:Lean D
2026-08-19,wikipedia,HOU_NH_01_2026,house,NH,01,inside_elections:Likely D
2026-08-19,wikipedia,HOU_NH_01_2026,house,NH,01,ddhq:Likely D
2026-08-19,wikipedia,HOU_NH_01_2026,house,NH,01,fox_power_rankings:Likely D
2026-08-19,wikipedia,HOU_NH_02_2026,house,NH,02,cook:Solid D
2026-08-19,wikipedia,HOU_NH_02_2026,house,NH,02,inside_elections:Likely D
2026-08-19,wikipedia,HOU_NH_02_2026,house,NH,02,sabato:Likely D
2026-08-19,wikipedia,HOU_NH_02_2026,house,NH,02,inside_elections:Solid D
2026-08-19,wikipedia,HOU_NH_02_2026,house,NH,02,ddhq:Likely D
2026-08-19,wikipedia,HOU_NH_02_2026,house,NH,02,fox_power_rankings:Solid D
2026-08-19,wikipedia,HOU_NJ_02_2026,house,NJ,02,cook:Solid R
2026-08-19,wikipedia,HOU_NJ_02_2026,house,NJ,02,inside_elections:Solid R
2026-08-19,wikipedia,HOU_NJ_02_2026,house,NJ,02,sabato:Safe R
2026-08-19,wikipedia,HOU_NJ_02_2026,house,NJ,02,inside_elections:Likely R
2026-08-19,wikipedia,HOU_NJ_02_2026,house,NJ,02,ddhq:Likely R
2026-08-19,wikipedia,HOU_NJ_02_2026,house,NJ,02,fox_power_rankings:Likely R
2026-08-19,wikipedia,HOU_NJ_07_2026,house,NJ,07,cook:Toss-up
2026-08-19,wikipedia,HOU_NJ_07_2026,house,NJ,07,inside_elections:Tilt D
2026-08-19,wikipedia,HOU_NJ_07_2026,house,NJ,07,sabato:Toss-up
2026-08-19,wikipedia,HOU_NJ_07_2026,house,NJ,07,inside_elections:Lean D
2026-08-19,wikipedia,HOU_NJ_07_2026,house,NJ,07,ddhq:Lean D
2026-08-19,wikipedia,HOU_NJ_07_2026,house,NJ,07,fox_power_rankings:Lean D
2026-08-19,wikipedia,HOU_NJ_09_2026,house,NJ,09,cook:Likely D
2026-08-19,wikipedia,HOU_NJ_09_2026,house,NJ,09,inside_elections:Lean D
2026-08-19,wikipedia,HOU_NJ_09_2026,house,NJ,09,sabato:Likely D
2026-08-19,wikipedia,HOU_NJ_09_2026,house,NJ,09,inside_elections:Solid D
2026-08-19,wikipedia,HOU_NJ_09_2026,house,NJ,09,ddhq:Likely D
2026-08-19,wikipedia,HOU_NJ_09_2026,house,NJ,09,fox_power_rankings:Likely D
2026-08-19,wikipedia,HOU_NM_02_2026,house,NM,02,cook:Lean D
2026-08-19,wikipedia,HOU_NM_02_2026,house,NM,02,inside_elections:Tilt D
2026-08-19,wikipedia,HOU_NM_02_2026,house,NM,02,sabato:Lean D
2026-08-19,wikipedia,HOU_NM_02_2026,house,NM,02,inside_elections:Solid D
2026-08-19,wikipedia,HOU_NM_02_2026,house,NM,02,ddhq:Lean D
2026-08-19,wikipedia,HOU_NM_02_2026,house,NM,02,fox_power_rankings:Likely D
2026-08-19,wikipedia,HOU_NM_03_2026,house,NM,03,cook:Solid D
2026-08-19,wikipedia,HOU_NM_03_2026,house,NM,03,inside_elections:Solid D
2026-08-19,wikipedia,HOU_NM_03_2026,house,NM,03,sabato:Safe D
2026-08-19,wikipedia,HOU_NM_03_2026,house,NM,03,inside_elections:Solid D
2026-08-19,wikipedia,HOU_NM_03_2026,house,NM,03,ddhq:Likely D
2026-08-19,wikipedia,HOU_NM_03_2026,house,NM,03,fox_power_rankings:Solid D
2026-08-19,wikipedia,HOU_NY_01_2026,house,NY,01,cook:Solid R
2026-08-19,wikipedia,HOU_NY_01_2026,house,NY,01,inside_elections:Solid R
2026-08-19,wikipedia,HOU_NY_01_2026,house,NY,01,sabato:Likely R
2026-08-19,wikipedia,HOU_NY_01_2026,house,NY,01,inside_elections:Lean R
2026-08-19,wikipedia,HOU_NY_01_2026,house,NY,01,ddhq:Lean R
2026-08-19,wikipedia,HOU_NY_01_2026,house,NY,01,fox_power_rankings:Likely R
2026-08-19,wikipedia,HOU_NY_02_2026,house,NY,02,cook:Solid R
2026-08-19,wikipedia,HOU_NY_02_2026,house,NY,02,inside_elections:Solid R
2026-08-19,wikipedia,HOU_NY_02_2026,house,NY,02,sabato:Safe R
2026-08-19,wikipedia,HOU_NY_02_2026,house,NY,02,inside_elections:Likely R
2026-08-19,wikipedia,HOU_NY_02_2026,house,NY,02,ddhq:Likely R
2026-08-19,wikipedia,HOU_NY_02_2026,house,NY,02,fox_power_rankings:Solid R
2026-08-19,wikipedia,HOU_NY_03_2026,house,NY,03,cook:Lean D
2026-08-19,wikipedia,HOU_NY_03_2026,house,NY,03,inside_elections:Lean D
2026-08-19,wikipedia,HOU_NY_03_2026,house,NY,03,sabato:Lean D
2026-08-19,wikipedia,HOU_NY_03_2026,house,NY,03,inside_elections:Likely D
2026-08-19,wikipedia,HOU_NY_03_2026,house,NY,03,ddhq:Likely D
2026-08-19,wikipedia,HOU_NY_03_2026,house,NY,03,fox_power_rankings:Lean D
2026-08-19,wikipedia,HOU_NY_04_2026,house,NY,04,cook:Lean D
2026-08-19,wikipedia,HOU_NY_04_2026,house,NY,04,inside_elections:Tilt D
2026-08-19,wikipedia,HOU_NY_04_2026,house,NY,04,sabato:Lean D
2026-08-19,wikipedia,HOU_NY_04_2026,house,NY,04,inside_elections:Solid D
2026-08-19,wikipedia,HOU_NY_04_2026,house,NY,04,ddhq:Likely D
2026-08-19,wikipedia,HOU_NY_04_2026,house,NY,04,fox_power_rankings:Likely D
2026-08-19,wikipedia,HOU_NY_17_2026,house,NY,17,cook:Toss-up
2026-08-19,wikipedia,HOU_NY_17_2026,house,NY,17,inside_elections:Toss-up
2026-08-19,wikipedia,HOU_NY_17_2026,house,NY,17,sabato:Toss-up
2026-08-19,wikipedia,HOU_NY_17_2026,house,NY,17,inside_elections:Lean D
2026-08-19,wikipedia,HOU_NY_17_2026,house,NY,17,ddhq:Toss-up
2026-08-19,wikipedia,HOU_NY_17_2026,house,NY,17,fox_power_rankings:Lean D
2026-08-19,wikipedia,HOU_NY_18_2026,house,NY,18,cook:Solid D
2026-08-19,wikipedia,HOU_NY_18_2026,house,NY,18,inside_elections:Solid D
2026-08-19,wikipedia,HOU_NY_18_2026,house,NY,18,sabato:Safe D
2026-08-19,wikipedia,HOU_NY_18_2026,house,NY,18,inside_elections:Solid D
2026-08-19,wikipedia,HOU_NY_18_2026,house,NY,18,ddhq:Safe D
2026-08-19,wikipedia,HOU_NY_18_2026,house,NY,18,fox_power_rankings:Solid D
2026-08-19,wikipedia,HOU_NY_19_2026,house,NY,19,cook:Likely D
2026-08-19,wikipedia,HOU_NY_19_2026,house,NY,19,inside_elections:Lean D
2026-08-19,wikipedia,HOU_NY_19_2026,house,NY,19,sabato:Likely D
2026-08-19,wikipedia,HOU_NY_19_2026,house,NY,19,inside_elections:Likely D
2026-08-19,wikipedia,HOU_NY_19_2026,house,NY,19,ddhq:Likely D
2026-08-19,wikipedia,HOU_NY_19_2026,house,NY,19,fox_power_rankings:Likely D
2026-08-19,wikipedia,HOU_NY_21_2026,house,NY,21,cook:Solid R
2026-08-19,wikipedia,HOU_NY_21_2026,house,NY,21,inside_elections:Solid R
2026-08-19,wikipedia,HOU_NY_21_2026,house,NY,21,sabato:Safe R
2026-08-19,wikipedia,HOU_NY_21_2026,house,NY,21,inside_elections:Likely R
2026-08-19,wikipedia,HOU_NY_21_2026,house,NY,21,ddhq:Likely R
2026-08-19,wikipedia,HOU_NY_21_2026,house,NY,21,fox_power_rankings:Solid R
2026-08-19,wikipedia,HOU_NC_01_2026,house,NC,01,cook:Lean R
2026-08-19,wikipedia,HOU_NC_01_2026,house,NC,01,inside_elections:Lean R
2026-08-19,wikipedia,HOU_NC_01_2026,house,NC,01,sabato:Toss-up
2026-08-19,wikipedia,HOU_NC_01_2026,house,NC,01,inside_elections:Tilt D
2026-08-19,wikipedia,HOU_NC_01_2026,house,NC,01,ddhq:Toss-up
2026-08-19,wikipedia,HOU_NC_01_2026,house,NC,01,fox_power_rankings:Toss-up
2026-08-19,wikipedia,HOU_NC_03_2026,house,NC,03,cook:Solid R
2026-08-19,wikipedia,HOU_NC_03_2026,house,NC,03,inside_elections:Solid R
2026-08-19,wikipedia,HOU_NC_03_2026,house,NC,03,sabato:Safe R
2026-08-19,wikipedia,HOU_NC_03_2026,house,NC,03,inside_elections:Likely R
2026-08-19,wikipedia,HOU_NC_03_2026,house,NC,03,ddhq:Likely R
2026-08-19,wikipedia,HOU_NC_03_2026,house,NC,03,fox_power_rankings:Solid R
2026-08-19,wikipedia,HOU_NC_05_2026,house,NC,05,cook:Solid R
2026-08-19,wikipedia,HOU_NC_05_2026,house,NC,05,inside_elections:Solid R
2026-08-19,wikipedia,HOU_NC_05_2026,house,NC,05,sabato:Safe R
2026-08-19,wikipedia,HOU_NC_05_2026,house,NC,05,inside_elections:Solid R
2026-08-19,wikipedia,HOU_NC_05_2026,house,NC,05,ddhq:Likely R
2026-08-19,wikipedia,HOU_NC_05_2026,house,NC,05,fox_power_rankings:Solid R
2026-08-19,wikipedia,HOU_NC_06_2026,house,NC,06,cook:Solid R
2026-08-19,wikipedia,HOU_NC_06_2026,house,NC,06,inside_elections:Solid R
2026-08-19,wikipedia,HOU_NC_06_2026,house,NC,06,sabato:Safe R
2026-08-19,wikipedia,HOU_NC_06_2026,house,NC,06,inside_elections:Likely R
2026-08-19,wikipedia,HOU_NC_06_2026,house,NC,06,ddhq:Likely R
2026-08-19,wikipedia,HOU_NC_06_2026,house,NC,06,fox_power_rankings:Solid R
2026-08-19,wikipedia,HOU_NC_07_2026,house,NC,07,cook:Solid R
2026-08-19,wikipedia,HOU_NC_07_2026,house,NC,07,inside_elections:Solid R
2026-08-19,wikipedia,HOU_NC_07_2026,house,NC,07,sabato:Safe R
2026-08-19,wikipedia,HOU_NC_07_2026,house,NC,07,inside_elections:Likely R
2026-08-19,wikipedia,HOU_NC_07_2026,house,NC,07,ddhq:Likely R
2026-08-19,wikipedia,HOU_NC_07_2026,house,NC,07,fox_power_rankings:Solid R
2026-08-19,wikipedia,HOU_NC_08_2026,house,NC,08,cook:Solid R
2026-08-19,wikipedia,HOU_NC_08_2026,house,NC,08,inside_elections:Solid R
2026-08-19,wikipedia,HOU_NC_08_2026,house,NC,08,sabato:Safe R
2026-08-19,wikipedia,HOU_NC_08_2026,house,NC,08,inside_elections:Solid R
2026-08-19,wikipedia,HOU_NC_08_2026,house,NC,08,ddhq:Likely R
2026-08-19,wikipedia,HOU_NC_08_2026,house,NC,08,fox_power_rankings:Solid R
2026-08-19,wikipedia,HOU_NC_09_2026,house,NC,09,cook:Solid R
2026-08-19,wikipedia,HOU_NC_09_2026,house,NC,09,inside_elections:Solid R
2026-08-19,wikipedia,HOU_NC_09_2026,house,NC,09,sabato:Safe R
2026-08-19,wikipedia,HOU_NC_09_2026,house,NC,09,inside_elections:Likely R
2026-08-19,wikipedia,HOU_NC_09_2026,house,NC,09,ddhq:Likely R
2026-08-19,wikipedia,HOU_NC_09_2026,house,NC,09,fox_power_rankings:Solid R
2026-08-19,wikipedia,HOU_NC_10_2026,house,NC,10,cook:Solid R
2026-08-19,wikipedia,HOU_NC_10_2026,house,NC,10,inside_elections:Solid R
2026-08-19,wikipedia,HOU_NC_10_2026,house,NC,10,sabato:Safe R
2026-08-19,wikipedia,HOU_NC_10_2026,house,NC,10,inside_elections:Solid R
2026-08-19,wikipedia,HOU_NC_10_2026,house,NC,10,ddhq:Likely R
2026-08-19,wikipedia,HOU_NC_10_2026,house,NC,10,fox_power_rankings:Solid R
2026-08-19,wikipedia,HOU_NC_11_2026,house,NC,11,cook:Lean R
2026-08-19,wikipedia,HOU_NC_11_2026,house,NC,11,inside_elections:Lean R
2026-08-19,wikipedia,HOU_NC_11_2026,house,NC,11,sabato:Toss-up
2026-08-19,wikipedia,HOU_NC_11_2026,house,NC,11,inside_elections:Lean D
2026-08-19,wikipedia,HOU_NC_11_2026,house,NC,11,ddhq:Lean R
2026-08-19,wikipedia,HOU_NC_11_2026,house,NC,11,fox_power_rankings:Toss-up
2026-08-19,wikipedia,HOU_NC_13_2026,house,NC,13,cook:Solid R
2026-08-19,wikipedia,HOU_NC_13_2026,house,NC,13,inside_elections:Solid R
2026-08-19,wikipedia,HOU_NC_13_2026,house,NC,13,sabato:Safe R
2026-08-19,wikipedia,HOU_NC_13_2026,house,NC,13,inside_elections:Likely R
2026-08-19,wikipedia,HOU_NC_13_2026,house,NC,13,ddhq:Likely R
2026-08-19,wikipedia,HOU_NC_13_2026,house,NC,13,fox_power_rankings:Solid R
2026-08-19,wikipedia,HOU_NC_14_2026,house,NC,14,cook:Solid R
2026-08-19,wikipedia,HOU_NC_14_2026,house,NC,14,inside_elections:Solid R
2026-08-19,wikipedia,HOU_NC_14_2026,house,NC,14,sabato:Safe R
2026-08-19,wikipedia,HOU_NC_14_2026,house,NC,14,inside_elections:Likely R
2026-08-19,wikipedia,HOU_NC_14_2026,house,NC,14,ddhq:Likely R
2026-08-19,wikipedia,HOU_NC_14_2026,house,NC,14,fox_power_rankings:Solid R
2026-08-19,wikipedia,HOU_OH_01_2026,house,OH,01,cook:Lean D
2026-08-19,wikipedia,HOU_OH_01_2026,house,OH,01,inside_elections:Tilt D
2026-08-19,wikipedia,HOU_OH_01_2026,house,OH,01,sabato:Lean D
2026-08-19,wikipedia,HOU_OH_01_2026,house,OH,01,inside_elections:Likely D
2026-08-19,wikipedia,HOU_OH_01_2026,house,OH,01,ddhq:Lean D
2026-08-19,wikipedia,HOU_OH_01_2026,house,OH,01,fox_power_rankings:Lean D
2026-08-19,wikipedia,HOU_OH_07_2026,house,OH,07,cook:Toss-up
2026-08-19,wikipedia,HOU_OH_07_2026,house,OH,07,inside_elections:Toss-up
2026-08-19,wikipedia,HOU_OH_07_2026,house,OH,07,sabato:Toss-up
2026-08-19,wikipedia,HOU_OH_07_2026,house,OH,07,inside_elections:Lean D
2026-08-19,wikipedia,HOU_OH_07_2026,house,OH,07,ddhq:Toss-up
2026-08-19,wikipedia,HOU_OH_07_2026,house,OH,07,fox_power_rankings:Likely R
2026-08-19,wikipedia,HOU_OH_08_2026,house,OH,08,cook:Solid R
2026-08-19,wikipedia,HOU_OH_08_2026,house,OH,08,inside_elections:Solid R
2026-08-19,wikipedia,HOU_OH_08_2026,house,OH,08,sabato:Safe R
2026-08-19,wikipedia,HOU_OH_08_2026,house,OH,08,inside_elections:Likely R
2026-08-19,wikipedia,HOU_OH_08_2026,house,OH,08,ddhq:Likely R
2026-08-19,wikipedia,HOU_OH_08_2026,house,OH,08,fox_power_rankings:Solid R
2026-08-19,wikipedia,HOU_OH_09_2026,house,OH,09,cook:Toss-up
2026-08-19,wikipedia,HOU_OH_09_2026,house,OH,09,inside_elections:Tilt R
2026-08-19,wikipedia,HOU_OH_09_2026,house,OH,09,sabato:Toss-up
2026-08-19,wikipedia,HOU_OH_09_2026,house,OH,09,inside_elections:Lean D
2026-08-19,wikipedia,HOU_OH_09_2026,house,OH,09,ddhq:Lean D
2026-08-19,wikipedia,HOU_OH_09_2026,house,OH,09,fox_power_rankings:Toss-up
2026-08-19,wikipedia,HOU_OH_10_2026,house,OH,10,cook:Likely R
2026-08-19,wikipedia,HOU_OH_10_2026,house,OH,10,inside_elections:Solid R
2026-08-19,wikipedia,HOU_OH_10_2026,house,OH,10,sabato:Safe R
2026-08-19,wikipedia,HOU_OH_10_2026,house,OH,10,inside_elections:Likely R
2026-08-19,wikipedia,HOU_OH_10_2026,house,OH,10,ddhq:Likely R
2026-08-19,wikipedia,HOU_OH_10_2026,house,OH,10,fox_power_rankings:Solid R
2026-08-19,wikipedia,HOU_OH_13_2026,house,OH,13,cook:Likely D
2026-08-19,wikipedia,HOU_OH_13_2026,house,OH,13,inside_elections:Solid D
2026-08-19,wikipedia,HOU_OH_13_2026,house,OH,13,sabato:Likely D
2026-08-19,wikipedia,HOU_OH_13_2026,house,OH,13,inside_elections:Solid D
2026-08-19,wikipedia,HOU_OH_13_2026,house,OH,13,ddhq:Likely D
2026-08-19,wikipedia,HOU_OH_13_2026,house,OH,13,fox_power_rankings:Likely D
2026-08-19,wikipedia,HOU_OH_15_2026,house,OH,15,cook:Likely R
2026-08-19,wikipedia,HOU_OH_15_2026,house,OH,15,inside_elections:Solid R
2026-08-19,wikipedia,HOU_OH_15_2026,house,OH,15,sabato:Safe R
2026-08-19,wikipedia,HOU_OH_15_2026,house,OH,15,inside_elections:Lean R
2026-08-19,wikipedia,HOU_OH_15_2026,house,OH,15,ddhq:Likely R
2026-08-19,wikipedia,HOU_OH_15_2026,house,OH,15,fox_power_rankings:Solid R
2026-08-19,wikipedia,HOU_OK_01_2026,house,OK,01,cook:Solid R
2026-08-19,wikipedia,HOU_OK_01_2026,house,OK,01,inside_elections:Solid R
2026-08-19,wikipedia,HOU_OK_01_2026,house,OK,01,sabato:Safe R
2026-08-19,wikipedia,HOU_OK_01_2026,house,OK,01,inside_elections:Solid R
2026-08-19,wikipedia,HOU_OK_01_2026,house,OK,01,ddhq:Safe R
2026-08-19,wikipedia,HOU_OK_01_2026,house,OK,01,fox_power_rankings:Solid R
2026-08-19,wikipedia,HOU_OK_05_2026,house,OK,05,cook:Solid R
2026-08-19,wikipedia,HOU_OK_05_2026,house,OK,05,inside_elections:Solid R
2026-08-19,wikipedia,HOU_OK_05_2026,house,OK,05,sabato:Safe R
2026-08-19,wikipedia,HOU_OK_05_2026,house,OK,05,inside_elections:Likely R
2026-08-19,wikipedia,HOU_OK_05_2026,house,OK,05,ddhq:Likely R
2026-08-19,wikipedia,HOU_OK_05_2026,house,OK,05,fox_power_rankings:Solid R
2026-08-19,wikipedia,HOU_OR_05_2026,house,OR,05,cook:Solid D
2026-08-19,wikipedia,HOU_OR_05_2026,house,OR,05,inside_elections:Solid D
2026-08-19,wikipedia,HOU_OR_05_2026,house,OR,05,sabato:Likely D
2026-08-19,wikipedia,HOU_OR_05_2026,house,OR,05,inside_elections:Solid D
2026-08-19,wikipedia,HOU_OR_05_2026,house,OR,05,ddhq:Safe D
2026-08-19,wikipedia,HOU_OR_05_2026,house,OR,05,fox_power_rankings:Solid D
2026-08-19,wikipedia,HOU_PA_01_2026,house,PA,01,cook:Likely R
2026-08-19,wikipedia,HOU_PA_01_2026,house,PA,01,inside_elections:Lean R
2026-08-19,wikipedia,HOU_PA_01_2026,house,PA,01,sabato:Lean R
2026-08-19,wikipedia,HOU_PA_01_2026,house,PA,01,inside_elections:Tilt R
2026-08-19,wikipedia,HOU_PA_01_2026,house,PA,01,ddhq:Lean R
2026-08-19,wikipedia,HOU_PA_01_2026,house,PA,01,fox_power_rankings:Lean R
2026-08-19,wikipedia,HOU_PA_07_2026,house,PA,07,cook:Toss-up
2026-08-19,wikipedia,HOU_PA_07_2026,house,PA,07,inside_elections:Toss-up
2026-08-19,wikipedia,HOU_PA_07_2026,house,PA,07,sabato:Toss-up
2026-08-19,wikipedia,HOU_PA_07_2026,house,PA,07,inside_elections:Lean D
2026-08-19,wikipedia,HOU_PA_07_2026,house,PA,07,ddhq:Lean D
2026-08-19,wikipedia,HOU_PA_07_2026,house,PA,07,fox_power_rankings:Toss-up
2026-08-19,wikipedia,HOU_PA_08_2026,house,PA,08,cook:Toss-up
2026-08-19,wikipedia,HOU_PA_08_2026,house,PA,08,inside_elections:Toss-up
2026-08-19,wikipedia,HOU_PA_08_2026,house,PA,08,sabato:Toss-up
2026-08-19,wikipedia,HOU_PA_08_2026,house,PA,08,inside_elections:Tilt D
2026-08-19,wikipedia,HOU_PA_08_2026,house,PA,08,ddhq:Toss-up
2026-08-19,wikipedia,HOU_PA_08_2026,house,PA,08,fox_power_rankings:Toss-up
2026-08-19,wikipedia,HOU_PA_10_2026,house,PA,10,cook:Toss-up
2026-08-19,wikipedia,HOU_PA_10_2026,house,PA,10,inside_elections:Toss-up
2026-08-19,wikipedia,HOU_PA_10_2026,house,PA,10,sabato:Toss-up
2026-08-19,wikipedia,HOU_PA_10_2026,house,PA,10,inside_elections:Lean D
2026-08-19,wikipedia,HOU_PA_10_2026,house,PA,10,ddhq:Toss-up
2026-08-19,wikipedia,HOU_PA_10_2026,house,PA,10,fox_power_rankings:Toss-up
2026-08-19,wikipedia,HOU_PA_16_2026,house,PA,16,cook:Solid R
2026-08-19,wikipedia,HOU_PA_16_2026,house,PA,16,inside_elections:Solid R
2026-08-19,wikipedia,HOU_PA_16_2026,house,PA,16,sabato:Safe R
2026-08-19,wikipedia,HOU_PA_16_2026,house,PA,16,inside_elections:Solid R
2026-08-19,wikipedia,HOU_PA_16_2026,house,PA,16,ddhq:Safe R
2026-08-19,wikipedia,HOU_PA_16_2026,house,PA,16,fox_power_rankings:Solid R
2026-08-19,wikipedia,HOU_PA_17_2026,house,PA,17,cook:Solid D
2026-08-19,wikipedia,HOU_PA_17_2026,house,PA,17,inside_elections:Solid D
2026-08-19,wikipedia,HOU_PA_17_2026,house,PA,17,sabato:Safe D
2026-08-19,wikipedia,HOU_PA_17_2026,house,PA,17,inside_elections:Solid D
2026-08-19,wikipedia,HOU_PA_17_2026,house,PA,17,ddhq:Likely D
2026-08-19,wikipedia,HOU_PA_17_2026,house,PA,17,fox_power_rankings:Solid D
2026-08-19,wikipedia,HOU_RI_02_2026,house,RI,02,cook:Solid D
2026-08-19,wikipedia,HOU_RI_02_2026,house,RI,02,inside_elections:Solid D
2026-08-19,wikipedia,HOU_RI_02_2026,house,RI,02,sabato:Safe D
2026-08-19,wikipedia,HOU_RI_02_2026,house,RI,02,inside_elections:Solid D
2026-08-19,wikipedia,HOU_RI_02_2026,house,RI,02,ddhq:Likely D
2026-08-19,wikipedia,HOU_RI_02_2026,house,RI,02,fox_power_rankings:Solid D
2026-08-19,wikipedia,HOU_SC_01_2026,house,SC,01,cook:Likely R
2026-08-19,wikipedia,HOU_SC_01_2026,house,SC,01,inside_elections:Solid R
2026-08-19,wikipedia,HOU_SC_01_2026,house,SC,01,sabato:Likely R
2026-08-19,wikipedia,HOU_SC_01_2026,house,SC,01,inside_elections:Tilt R
2026-08-19,wikipedia,HOU_SC_01_2026,house,SC,01,ddhq:Likely R
2026-08-19,wikipedia,HOU_SC_01_2026,house,SC,01,fox_power_rankings:Likely R
2026-08-19,wikipedia,HOU_SC_02_2026,house,SC,02,cook:Solid R
2026-08-19,wikipedia,HOU_SC_02_2026,house,SC,02,inside_elections:Solid R
2026-08-19,wikipedia,HOU_SC_02_2026,house,SC,02,sabato:Safe R
2026-08-19,wikipedia,HOU_SC_02_2026,house,SC,02,inside_elections:Likely R
2026-08-19,wikipedia,HOU_SC_02_2026,house,SC,02,ddhq:Likely R
2026-08-19,wikipedia,HOU_SC_02_2026,house,SC,02,fox_power_rankings:Solid R
2026-08-19,wikipedia,HOU_SC_05_2026,house,SC,05,cook:Solid R
2026-08-19,wikipedia,HOU_SC_05_2026,house,SC,05,inside_elections:Solid R
2026-08-19,wikipedia,HOU_SC_05_2026,house,SC,05,sabato:Safe R
2026-08-19,wikipedia,HOU_SC_05_2026,house,SC,05,inside_elections:Solid R
2026-08-19,wikipedia,HOU_SC_05_2026,house,SC,05,ddhq:Safe R
2026-08-19,wikipedia,HOU_SC_05_2026,house,SC,05,fox_power_rankings:Solid R
2026-08-19,wikipedia,HOU_TN_05_2026,house,TN,05,cook:Solid R
2026-08-19,wikipedia,HOU_TN_05_2026,house,TN,05,inside_elections:Solid R
2026-08-19,wikipedia,HOU_TN_05_2026,house,TN,05,sabato:Safe R
2026-08-19,wikipedia,HOU_TN_05_2026,house,TN,05,inside_elections:Likely R
2026-08-19,wikipedia,HOU_TN_05_2026,house,TN,05,ddhq:Safe R
2026-08-19,wikipedia,HOU_TN_05_2026,house,TN,05,fox_power_rankings:Solid R
2026-08-19,wikipedia,HOU_TN_07_2026,house,TN,07,cook:Solid R
2026-08-19,wikipedia,HOU_TN_07_2026,house,TN,07,inside_elections:Solid R
2026-08-19,wikipedia,HOU_TN_07_2026,house,TN,07,sabato:Safe R
2026-08-19,wikipedia,HOU_TN_07_2026,house,TN,07,inside_elections:Solid R
2026-08-19,wikipedia,HOU_TN_07_2026,house,TN,07,ddhq:Safe R
2026-08-19,wikipedia,HOU_TN_07_2026,house,TN,07,fox_power_rankings:Solid R
2026-08-19,wikipedia,HOU_TN_09_2026,house,TN,09,cook:Solid R
2026-08-19,wikipedia,HOU_TN_09_2026,house,TN,09,inside_elections:Solid R
2026-08-19,wikipedia,HOU_TN_09_2026,house,TN,09,sabato:Safe R
2026-08-19,wikipedia,HOU_TN_09_2026,house,TN,09,inside_elections:Likely R
2026-08-19,wikipedia,HOU_TN_09_2026,house,TN,09,ddhq:Likely R
2026-08-19,wikipedia,HOU_TN_09_2026,house,TN,09,fox_power_rankings:Solid R
2026-08-19,wikipedia,HOU_TX_02_2026,house,TX,02,cook:Solid R
2026-08-19,wikipedia,HOU_TX_02_2026,house,TX,02,inside_elections:Solid R
2026-08-19,wikipedia,HOU_TX_02_2026,house,TX,02,sabato:Safe R
2026-08-19,wikipedia,HOU_TX_02_2026,house,TX,02,inside_elections:Likely R
2026-08-19,wikipedia,HOU_TX_02_2026,house,TX,02,ddhq:Safe R
2026-08-19,wikipedia,HOU_TX_02_2026,house,TX,02,fox_power_rankings:Solid R
2026-08-19,wikipedia,HOU_TX_09_2026,house,TX,09,cook:Solid R
2026-08-19,wikipedia,HOU_TX_09_2026,house,TX,09,inside_elections:Solid R
2026-08-19,wikipedia,HOU_TX_09_2026,house,TX,09,sabato:Safe R
2026-08-19,wikipedia,HOU_TX_09_2026,house,TX,09,inside_elections:Likely R
2026-08-19,wikipedia,HOU_TX_09_2026,house,TX,09,ddhq:Likely R
2026-08-19,wikipedia,HOU_TX_09_2026,house,TX,09,fox_power_rankings:Solid R
2026-08-19,wikipedia,HOU_TX_10_2026,house,TX,10,cook:Solid R
2026-08-19,wikipedia,HOU_TX_10_2026,house,TX,10,inside_elections:Solid R
2026-08-19,wikipedia,HOU_TX_10_2026,house,TX,10,sabato:Safe R
2026-08-19,wikipedia,HOU_TX_10_2026,house,TX,10,inside_elections:Solid R
2026-08-19,wikipedia,HOU_TX_10_2026,house,TX,10,ddhq:Safe R
2026-08-19,wikipedia,HOU_TX_10_2026,house,TX,10,fox_power_rankings:Solid R
2026-08-19,wikipedia,HOU_TX_15_2026,house,TX,15,cook:Lean R
2026-08-19,wikipedia,HOU_TX_15_2026,house,TX,15,inside_elections:Lean R
2026-08-19,wikipedia,HOU_TX_15_2026,house,TX,15,sabato:Lean R
2026-08-19,wikipedia,HOU_TX_15_2026,house,TX,15,inside_elections:Toss-up
2026-08-19,wikipedia,HOU_TX_15_2026,house,TX,15,ddhq:Lean R
2026-08-19,wikipedia,HOU_TX_15_2026,house,TX,15,fox_power_rankings:Lean R
2026-08-19,wikipedia,HOU_TX_21_2026,house,TX,21,cook:Solid R
2026-08-19,wikipedia,HOU_TX_21_2026,house,TX,21,inside_elections:Solid R
2026-08-19,wikipedia,HOU_TX_21_2026,house,TX,21,sabato:Safe R
2026-08-19,wikipedia,HOU_TX_21_2026,house,TX,21,inside_elections:Solid R
2026-08-19,wikipedia,HOU_TX_21_2026,house,TX,21,ddhq:Safe R
2026-08-19,wikipedia,HOU_TX_21_2026,house,TX,21,fox_power_rankings:Solid R
2026-08-19,wikipedia,HOU_TX_22_2026,house,TX,22,cook:Solid R
2026-08-19,wikipedia,HOU_TX_22_2026,house,TX,22,inside_elections:Solid R
2026-08-19,wikipedia,HOU_TX_22_2026,house,TX,22,sabato:Safe R
2026-08-19,wikipedia,HOU_TX_22_2026,house,TX,22,inside_elections:Solid R
2026-08-19,wikipedia,HOU_TX_22_2026,house,TX,22,ddhq:Safe R
2026-08-19,wikipedia,HOU_TX_22_2026,house,TX,22,fox_power_rankings:Solid R
2026-08-19,wikipedia,HOU_TX_23_2026,house,TX,23,cook:Likely R
2026-08-19,wikipedia,HOU_TX_23_2026,house,TX,23,inside_elections:Likely R
2026-08-19,wikipedia,HOU_TX_23_2026,house,TX,23,sabato:Likely R
2026-08-19,wikipedia,HOU_TX_23_2026,house,TX,23,inside_elections:Tilt R
2026-08-19,wikipedia,HOU_TX_23_2026,house,TX,23,ddhq:Likely R
2026-08-19,wikipedia,HOU_TX_23_2026,house,TX,23,fox_power_rankings:Likely R
2026-08-19,wikipedia,HOU_TX_24_2026,house,TX,24,cook:Solid R
2026-08-19,wikipedia,HOU_TX_24_2026,house,TX,24,inside_elections:Solid R
2026-08-19,wikipedia,HOU_TX_24_2026,house,TX,24,sabato:Safe R
2026-08-19,wikipedia,HOU_TX_24_2026,house,TX,24,inside_elections:Likely R
2026-08-19,wikipedia,HOU_TX_24_2026,house,TX,24,ddhq:Likely R
2026-08-19,wikipedia,HOU_TX_24_2026,house,TX,24,fox_power_rankings:Solid R
2026-08-19,wikipedia,HOU_TX_28_2026,house,TX,28,cook:Lean D
2026-08-19,wikipedia,HOU_TX_28_2026,house,TX,28,inside_elections:Tilt D
2026-08-19,wikipedia,HOU_TX_28_2026,house,TX,28,sabato:Lean D
2026-08-19,wikipedia,HOU_TX_28_2026,house,TX,28,inside_elections:Likely D
2026-08-19,wikipedia,HOU_TX_28_2026,house,TX,28,ddhq:Likely D
2026-08-19,wikipedia,HOU_TX_28_2026,house,TX,28,fox_power_rankings:Lean D
2026-08-19,wikipedia,HOU_TX_32_2026,house,TX,32,cook:Solid R
2026-08-19,wikipedia,HOU_TX_32_2026,house,TX,32,inside_elections:Solid R
2026-08-19,wikipedia,HOU_TX_32_2026,house,TX,32,sabato:Safe R
2026-08-19,wikipedia,HOU_TX_32_2026,house,TX,32,inside_elections:Likely R
2026-08-19,wikipedia,HOU_TX_32_2026,house,TX,32,ddhq:Likely R
2026-08-19,wikipedia,HOU_TX_32_2026,house,TX,32,fox_power_rankings:Solid R
2026-08-19,wikipedia,HOU_TX_34_2026,house,TX,34,cook:Toss-up
2026-08-19,wikipedia,HOU_TX_34_2026,house,TX,34,inside_elections:Toss-up
2026-08-19,wikipedia,HOU_TX_34_2026,house,TX,34,sabato:Toss-up
2026-08-19,wikipedia,HOU_TX_34_2026,house,TX,34,inside_elections:Likely D
2026-08-19,wikipedia,HOU_TX_34_2026,house,TX,34,ddhq:Lean D
2026-08-19,wikipedia,HOU_TX_34_2026,house,TX,34,fox_power_rankings:Toss-up
2026-08-19,wikipedia,HOU_TX_35_2026,house,TX,35,cook:Likely R
2026-08-19,wikipedia,HOU_TX_35_2026,house,TX,35,inside_elections:Likely R
2026-08-19,wikipedia,HOU_TX_35_2026,house,TX,35,sabato:Lean R
2026-08-19,wikipedia,HOU_TX_35_2026,house,TX,35,inside_elections:Toss-up
2026-08-19,wikipedia,HOU_TX_35_2026,house,TX,35,ddhq:Lean R
2026-08-19,wikipedia,HOU_TX_35_2026,house,TX,35,fox_power_rankings:Lean R
2026-08-19,wikipedia,HOU_VA_01_2026,house,VA,01,cook:Lean R
2026-08-19,wikipedia,HOU_VA_01_2026,house,VA,01,inside_elections:Lean R
2026-08-19,wikipedia,HOU_VA_01_2026,house,VA,01,sabato:Lean R
2026-08-19,wikipedia,HOU_VA_01_2026,house,VA,01,inside_elections:Tilt R
2026-08-19,wikipedia,HOU_VA_01_2026,house,VA,01,ddhq:Likely R
2026-08-19,wikipedia,HOU_VA_01_2026,house,VA,01,fox_power_rankings:Toss-up
2026-08-19,wikipedia,HOU_VA_02_2026,house,VA,02,cook:Toss-up
2026-08-19,wikipedia,HOU_VA_02_2026,house,VA,02,inside_elections:Toss-up
2026-08-19,wikipedia,HOU_VA_02_2026,house,VA,02,sabato:Toss-up
2026-08-19,wikipedia,HOU_VA_02_2026,house,VA,02,inside_elections:Lean D
2026-08-19,wikipedia,HOU_VA_02_2026,house,VA,02,ddhq:Lean D
2026-08-19,wikipedia,HOU_VA_02_2026,house,VA,02,fox_power_rankings:Toss-up
2026-08-19,wikipedia,HOU_VA_05_2026,house,VA,05,cook:Solid R
2026-08-19,wikipedia,HOU_VA_05_2026,house,VA,05,inside_elections:Solid R
2026-08-19,wikipedia,HOU_VA_05_2026,house,VA,05,sabato:Likely R
2026-08-19,wikipedia,HOU_VA_05_2026,house,VA,05,inside_elections:Lean R
2026-08-19,wikipedia,HOU_VA_05_2026,house,VA,05,ddhq:Likely R
2026-08-19,wikipedia,HOU_VA_05_2026,house,VA,05,fox_power_rankings:Likely R
2026-08-19,wikipedia,HOU_VA_06_2026,house,VA,06,cook:Solid R
2026-08-19,wikipedia,HOU_VA_06_2026,house,VA,06,inside_elections:Solid R
2026-08-19,wikipedia,HOU_VA_06_2026,house,VA,06,sabato:Safe R
2026-08-19,wikipedia,HOU_VA_06_2026,house,VA,06,inside_elections:Solid R
2026-08-19,wikipedia,HOU_VA_06_2026,house,VA,06,ddhq:Safe R
2026-08-19,wikipedia,HOU_VA_06_2026,house,VA,06,fox_power_rankings:Solid R
2026-08-19,wikipedia,HOU_VA_07_2026,house,VA,07,cook:Likely D
2026-08-19,wikipedia,HOU_VA_07_2026,house,VA,07,inside_elections:Likely D
2026-08-19,wikipedia,HOU_VA_07_2026,house,VA,07,sabato:Likely D
2026-08-19,wikipedia,HOU_VA_07_2026,house,VA,07,inside_elections:Solid D
2026-08-19,wikipedia,HOU_VA_07_2026,house,VA,07,ddhq:Likely D
2026-08-19,wikipedia,HOU_VA_07_2026,house,VA,07,fox_power_rankings:Likely D
2026-08-19,wikipedia,HOU_WA_03_2026,house,WA,03,cook:Toss-up
2026-08-19,wikipedia,HOU_WA_03_2026,house,WA,03,inside_elections:Toss-up
2026-08-19,wikipedia,HOU_WA_03_2026,house,WA,03,sabato:Lean D
2026-08-19,wikipedia,HOU_WA_03_2026,house,WA,03,inside_elections:Likely D
2026-08-19,wikipedia,HOU_WA_03_2026,house,WA,03,ddhq:Likely D
2026-08-19,wikipedia,HOU_WA_03_2026,house,WA,03,fox_power_rankings:Lean D
2026-08-19,wikipedia,HOU_WA_04_2026,house,WA,04,cook:Solid R
2026-08-19,wikipedia,HOU_WA_04_2026,house,WA,04,inside_elections:Solid R
2026-08-19,wikipedia,HOU_WA_04_2026,house,WA,04,sabato:Safe R
2026-08-19,wikipedia,HOU_WA_04_2026,house,WA,04,inside_elections:Likely R
2026-08-19,wikipedia,HOU_WA_04_2026,house,WA,04,ddhq:Safe R
2026-08-19,wikipedia,HOU_WA_04_2026,house,WA,04,fox_power_rankings:Solid R
2026-08-19,wikipedia,HOU_WA_05_2026,house,WA,05,cook:Solid R
2026-08-19,wikipedia,HOU_WA_05_2026,house,WA,05,inside_elections:Solid R
2026-08-19,wikipedia,HOU_WA_05_2026,house,WA,05,sabato:Safe R
2026-08-19,wikipedia,HOU_WA_05_2026,house,WA,05,inside_elections:Likely R
2026-08-19,wikipedia,HOU_WA_05_2026,house,WA,05,ddhq:Likely R
2026-08-19,wikipedia,HOU_WA_05_2026,house,WA,05,fox_power_rankings:Solid R
2026-08-19,wikipedia,HOU_WA_08_2026,house,WA,08,cook:Solid D
2026-08-19,wikipedia,HOU_WA_08_2026,house,WA,08,inside_elections:Solid D
2026-08-19,wikipedia,HOU_WA_08_2026,house,WA,08,sabato:Safe D
2026-08-19,wikipedia,HOU_WA_08_2026,house,WA,08,inside_elections:Solid D
2026-08-19,wikipedia,HOU_WA_08_2026,house,WA,08,ddhq:Likely D
2026-08-19,wikipedia,HOU_WA_08_2026,house,WA,08,fox_power_rankings:Solid D
2026-08-19,wikipedia,HOU_WI_01_2026,house,WI,01,cook:Likely R
2026-08-19,wikipedia,HOU_WI_01_2026,house,WI,01,inside_elections:Solid R
2026-08-19,wikipedia,HOU_WI_01_2026,house,WI,01,sabato:Likely R
2026-08-19,wikipedia,HOU_WI_01_2026,house,WI,01,inside_elections:Lean R
2026-08-19,wikipedia,HOU_WI_01_2026,house,WI,01,ddhq:Likely R
2026-08-19,wikipedia,HOU_WI_01_2026,house,WI,01,fox_power_rankings:Likely R
2026-08-19,wikipedia,HOU_WI_03_2026,house,WI,03,cook:Toss-up
2026-08-19,wikipedia,HOU_WI_03_2026,house,WI,03,inside_elections:Toss-up
2026-08-19,wikipedia,HOU_WI_03_2026,house,WI,03,sabato:Toss-up
2026-08-19,wikipedia,HOU_WI_03_2026,house,WI,03,inside_elections:Tilt D
2026-08-19,wikipedia,HOU_WI_03_2026,house,WI,03,ddhq:Lean D
2026-08-19,wikipedia,HOU_WI_03_2026,house,WI,03,fox_power_rankings:Toss-up
2026-08-19,wikipedia,HOU_WI_06_2026,house,WI,06,cook:Solid R
2026-08-19,wikipedia,HOU_WI_06_2026,house,WI,06,inside_elections:Solid R
2026-08-19,wikipedia,HOU_WI_06_2026,house,WI,06,sabato:Safe R
2026-08-19,wikipedia,HOU_WI_06_2026,house,WI,06,inside_elections:Solid R
2026-08-19,wikipedia,HOU_WI_06_2026,house,WI,06,ddhq:Likely R
2026-08-19,wikipedia,HOU_WI_06_2026,house,WI,06,fox_power_rankings:Solid R
2026-08-19,wikipedia,HOU_WI_07_2026,house,WI,07,cook:Solid R
2026-08-19,wikipedia,HOU_WI_07_2026,house,WI,07,inside_elections:Solid R
2026-08-19,wikipedia,HOU_WI_07_2026,house,WI,07,sabato:Safe R
2026-08-19,wikipedia,HOU_WI_07_2026,house,WI,07,inside_elections:Solid R
2026-08-19,wikipedia,HOU_WI_07_2026,house,WI,07,ddhq:Safe R
2026-08-19,wikipedia,HOU_WI_07_2026,house,WI,07,fox_power_rankings:Solid R
2026-08-19,wikipedia,HOU_WI_08_2026,house,WI,08,cook:Solid R
2026-08-19,wikipedia,HOU_WI_08_2026,house,WI,08,inside_elections:Solid R
2026-08-19,wikipedia,HOU_WI_08_2026,house,WI,08,sabato:Safe R
2026-08-19,wikipedia,HOU_WI_08_2026,house,WI,08,inside_elections:Likely R
2026-08-19,wikipedia,HOU_WI_08_2026,house,WI,08,ddhq:Likely R
2026-08-19,wikipedia,HOU_WI_08_2026,house,WI,08,fox_power_rankings:Solid R
