race_id,person,bioguide,party,is_incumbent,event_type,event_date,known_by,date_basis,incumbent_on_ballot_after,source_url,notes,_confidence,_left_censored,_right_censored,_resolution_days,_days_present,_gaps,_last_seen,_pages,_section,_race_why,_evidence,_flag,_suggested_action,_needs_human
HOU_AZ_05_2026,Andy Biggs,,,,seeking_other_office,,2025-01-25,wiki_first_seen,,https://en.wikipedia.org/wiki/2026_United_States_House_of_Representatives_elections,,high,,yes,1,462,0,2026-08-23,2026 United States House of Representatives elections,Retirements > Republican,ushr template,# AZ-5: Andy Biggs is retiring to run for governor.,has_generic_twin,keep this row; its twin is the drop,
HOU_TN_06_2026,John Rose,,,,seeking_other_office,,2025-01-27,wiki_first_seen,,https://en.wikipedia.org/wiki/2026_United_States_House_of_Representatives_elections,,high,,yes,1,460,0,2026-08-23,2026 United States House of Representatives elections,Retirements > Republican,ushr template,# TN-6: John Rose is retiring to run for governor.,,,
SEN_MN_2026,Tina Smith,,,,retiring,,2025-02-18,wiki_first_seen,,https://en.wikipedia.org/wiki/2026_United_States_Senate_elections,,high,,,1,114,0,2025-06-28,2026 United States Senate elections,Retirements,state name,"! Minnesota | Tina | Smith (retiring) | data-sort-value=""-48.7"" | 48.74% D",,,
SEN_KY_2026,Mitch McConnell,,,,retiring,,2025-02-20,wiki_first_seen,,https://en.wikipedia.org/wiki/2026_United_States_Senate_elections,,high,,,1,112,0,2025-06-28,2026 United States Senate elections,Retirements,state name,"! Kentucky | Mitch | McConnell (retiring) | data-sort-value=""57.8"" | 57.76% R",,,
HOU_FL_19_2026,Byron Donalds,,,,seeking_other_office,,2025-02-26,wiki_first_seen,,https://en.wikipedia.org/wiki/2026_United_States_House_of_Representatives_elections,,high,,yes,1,435,0,2026-08-23,2026 United States House of Representatives elections,Retirements > Republican,ushr template,# FL-19: Byron Donalds is retiring to run for governor.,,,
SEN_NH_2026,Jeanne Shaheen,,,,retiring,,2025-03-12,wiki_first_seen,,https://en.wikipedia.org/wiki/2026_United_States_Senate_elections,,high,,,1,96,0,2025-06-28,2026 United States Senate elections,Retirements,state name,"! New Hampshire | Jeanne | Shaheen (retiring) | data-sort-value=""-56.6"" | 56.64% D",,,
HOU_NH_01_2026,Chris Pappas,,,,seeking_other_office,,2025-04-03,wiki_first_seen,,https://en.wikipedia.org/wiki/2026_United_States_House_of_Representatives_elections,,high,,yes,1,407,0,2026-08-23,2026 United States House of Representatives elections,Retirements > Democratic,ushr template,# NH-1: Chris Pappas is retiring to run for U.S. Senate.,has_generic_twin,keep this row; its twin is the drop,
GOV_IA_2026,Kim Reynolds,,,,retiring,,2025-04-11,wiki_first_seen,,https://en.wikipedia.org/wiki/2026_United_States_gubernatorial_elections,,high,,yes,1,391,0,2026-08-23,2026 United States gubernatorial elections,Predictions; Race summary > States; Retirements,state name,"! Iowa | Kim | Reynolds (retiring) | data-sort-value=""58.0"" | 58.04% R",,,
HOU_MI_11_2026,Haley Stevens,,,,seeking_other_office,,2025-04-22,wiki_first_seen,,https://en.wikipedia.org/wiki/2026_United_States_House_of_Representatives_elections,,high,,yes,1,389,0,2026-08-23,2026 United States House of Representatives elections,Retirements > Democratic,ushr template,# MI-11: Haley Stevens is retiring to run for U.S. Senate.,,,
SEN_IL_2026,Dick Durbin,,,,retiring,,2025-04-23,wiki_first_seen,,https://en.wikipedia.org/wiki/2026_United_States_Senate_elections,,high,,,1,60,0,2025-06-28,2026 United States Senate elections,Retirements,state name,"! Illinois | Dick | Durbin (retiring) | data-sort-value=""-54.9"" | 54.93% D",,,
HOU_VA_11_2026,Gerry Connolly,,,,retiring,,2025-04-28,wiki_first_seen,,https://en.wikipedia.org/wiki/2026_United_States_House_of_Representatives_elections,,high,,,3,21,0,2025-05-20,2026 United States House of Representatives elections,Retirements > Democratic,ushr template,# VA-11: Gerry Connolly is retiring.,,,
HOU_MN_02_2026,Angie Craig,,,,seeking_other_office,,2025-04-29,wiki_first_seen,,https://en.wikipedia.org/wiki/2026_United_States_House_of_Representatives_elections,,high,,yes,1,384,0,2026-08-23,2026 United States House of Representatives elections,Retirements > Democratic,ushr template,# MN-2: Angie Craig is retiring to run for U.S. Senate.,has_generic_twin,keep this row; its twin is the drop,
HOU_IL_09_2026,Jan Schakowsky,,,,retiring,,2025-05-05,wiki_first_seen,,https://en.wikipedia.org/wiki/2026_United_States_House_of_Representatives_elections,,high,,yes,1,378,0,2026-08-23,2026 United States House of Representatives elections,Retirements > Democratic,ushr template,# IL-9: Jan Schakowsky is retiring.,,,
HOU_IL_02_2026,Robin Kelly,,,,seeking_other_office,,2025-05-06,wiki_first_seen,,https://en.wikipedia.org/wiki/2026_United_States_House_of_Representatives_elections,,high,,yes,1,377,0,2026-08-23,2026 United States House of Representatives elections,Retirements > Democratic,ushr template,# IL-2: Robin Kelly is retiring to run for U.S. Senate.,,,
HOU_IL_08_2026,Raja Krishnamoorthi,,,,seeking_other_office,,2025-05-07,wiki_first_seen,,https://en.wikipedia.org/wiki/2026_United_States_House_of_Representatives_elections,,high,,yes,1,376,0,2026-08-23,2026 United States House of Representatives elections,Retirements > Democratic,ushr template,# IL-8: Raja Krishnamoorthi is retiring to run for U.S. Senate.,has_generic_twin,keep this row; its twin is the drop,
HOU_GA_01_2026,Buddy Carter,,,,seeking_other_office,,2025-05-08,wiki_first_seen,,https://en.wikipedia.org/wiki/2026_United_States_House_of_Representatives_elections,,high,,yes,1,375,0,2026-08-23,2026 United States House of Representatives elections,Retirements > Republican,ushr template,# GA-1: Buddy Carter is retiring to run for U.S. Senate.,has_generic_twin,keep this row; its twin is the drop,
SEN_AL_2026,Tommy Tuberville,,,,retiring,,2025-05-27,wiki_first_seen,,https://en.wikipedia.org/wiki/2026_United_States_Senate_elections,,high,,,2,29,0,2025-06-28,2026 United States Senate elections,Retirements,state name,"! Alabama | Tommy | Tuberville (retiring) | data-sort-value=""60.1"" | 60.10% R",,,
HOU_NE_02_2026,Don Bacon,,,,retiring,,2025-06-27,wiki_first_seen,,https://en.wikipedia.org/wiki/2026_United_States_House_of_Representatives_election_ratings; https://en.wikipedia.org/wiki/2026_United_States_House_of_Representatives_elections,,high,,yes,1,368,0,2026-08-23,2026 United States House of Representatives election ratings; 2026 United States House of Representatives elections,Election ratings > Latest published ratings for competitive seats; Retirements > Republican,ushr template,# NE-2: Don Bacon is retiring.,,,
HOU_PA_03_2026,Dwight Evans,,,,retiring,,2025-06-30,wiki_first_seen,,https://en.wikipedia.org/wiki/2026_United_States_House_of_Representatives_elections,,high,,yes,1,325,0,2026-08-23,2026 United States House of Representatives elections,Retirements > Democratic,ushr template,# PA-3: Dwight Evans is retiring.,,,
HOU_SD_01_2026,Dusty Johnson,,,,seeking_other_office,,2025-06-30,wiki_first_seen,,https://en.wikipedia.org/wiki/2026_United_States_House_of_Representatives_elections,,high,,yes,1,325,0,2026-08-23,2026 United States House of Representatives elections,Retirements > Republican,ushr at-large (=01),# SD-AL: Dusty Johnson is retiring to run for governor.,,,
GOV_WI_2026,Tony Evers,,,,retiring,,2025-07-24,wiki_first_seen,,https://en.wikipedia.org/wiki/2026_United_States_gubernatorial_elections,,high,,yes,1,311,0,2026-08-23,2026 United States gubernatorial elections,Predictions; Race summary > States; Retirements,state name,"! Wisconsin | Tony | Evers (retiring) | data-sort-value=""-51.2"" | 51.15% D",,,
HOU_SC_05_2026,Ralph Norman,,,,seeking_other_office,,2025-07-25,wiki_first_seen,,https://en.wikipedia.org/wiki/2026_United_States_House_of_Representatives_elections,,high,,yes,1,302,0,2026-08-23,2026 United States House of Representatives elections,Retirements > Republican,ushr template,# SC-5: Ralph Norman is retiring to run for governor.,has_generic_twin,keep this row; its twin is the drop,
HOU_GA_10_2026,Mike Collins,,,,seeking_other_office,,2025-07-28,wiki_first_seen,,https://en.wikipedia.org/wiki/2026_United_States_House_of_Representatives_elections,,high,,yes,1,299,0,2026-08-23,2026 United States House of Representatives elections,Retirements > Republican,ushr template,# GA-10: Mike Collins is retiring to run for the U.S. Senate.,has_generic_twin,keep this row; its twin is the drop,
HOU_IL_07_2026,Danny Davis,,,,retiring,,2025-08-01,wiki_first_seen,,https://en.wikipedia.org/wiki/2026_United_States_House_of_Representatives_elections,,high,,yes,1,295,0,2026-08-23,2026 United States House of Representatives elections,Retirements > Democratic,ushr template,# IL-7: Danny Davis is retiring.,person_conflict,"two names for this seat and event type: Danny Davis, Danny K. Davis — one is a misread table cell",yes
HOU_SC_01_2026,Nancy Mace,,,,seeking_other_office,,2025-08-04,wiki_first_seen,,https://en.wikipedia.org/wiki/2026_United_States_House_of_Representatives_elections,,high,,yes,1,292,0,2026-08-23,2026 United States House of Representatives elections,Retirements > Republican,ushr template,# SC-1: Nancy Mace is retiring to run for governor.,has_generic_twin,keep this row; its twin is the drop,
HOU_AL_01_2026,Barry Moore,,,,seeking_other_office,,2025-08-12,wiki_first_seen,,https://en.wikipedia.org/wiki/2026_United_States_House_of_Representatives_elections,,high,,yes,1,284,0,2026-08-23,2026 United States House of Representatives elections,Retirements > Republican,ushr template,# AL-1: Barry Moore is retiring to run for the U.S. Senate.,,,
HOU_TX_21_2026,Chip Roy,,,,seeking_other_office,,2025-08-21,wiki_first_seen,,https://en.wikipedia.org/wiki/2026_United_States_House_of_Representatives_elections,,high,,yes,1,275,0,2026-08-23,2026 United States House of Representatives elections,Retirements > Republican,ushr template,# TX-21: Chip Roy is retiring to run for Texas attorney general.,has_generic_twin,keep this row; its twin is the drop,
HOU_KY_06_2026,,,,,retiring,,2025-08-25,wiki_first_seen,,https://en.wikipedia.org/wiki/2026_United_States_House_of_Representatives_election_ratings,,high,,yes,1,150,0,2026-08-23,2026 United States House of Representatives election ratings,Election ratings > Latest published ratings for competitive seats; Party listings > Republican-held seats,district link,# Kentucky 6: Open seat,seat_level_confirmation,not an event — the ratings page marking the seat open AFTER the incumbent announced. Useful only as a cross-check on incumbent_on_ballot_after,yes
HOU_MI_10_2026,,,,,retiring,,2025-08-25,wiki_first_seen,,https://en.wikipedia.org/wiki/2026_United_States_House_of_Representatives_election_ratings,,high,,yes,1,150,0,2026-08-23,2026 United States House of Representatives election ratings,Election ratings > Latest published ratings for competitive seats; Party listings > Republican-held seats,district link,# Michigan 10: Open seat,seat_level_confirmation,not an event — the ratings page marking the seat open AFTER the incumbent announced. Useful only as a cross-check on incumbent_on_ballot_after,yes
HOU_NE_02_2026,,,,,retiring,,2025-08-25,wiki_first_seen,,https://en.wikipedia.org/wiki/2026_United_States_House_of_Representatives_election_ratings,,high,,yes,1,150,0,2026-08-23,2026 United States House of Representatives election ratings,Election ratings > Latest published ratings for competitive seats; Party listings > Republican-held seats,district link,# Nebraska 2: Open seat,seat_level_confirmation,not an event — the ratings page marking the seat open AFTER the incumbent announced. Useful only as a cross-check on incumbent_on_ballot_after,yes
HOU_NH_01_2026,,,,,retiring,,2025-08-25,wiki_first_seen,,https://en.wikipedia.org/wiki/2026_United_States_House_of_Representatives_election_ratings,,high,,yes,1,150,0,2026-08-23,2026 United States House of Representatives election ratings,Election ratings > Democratic-held seats; Party listings > Democratic-held seats,district link,# New Hampshire 1: Open seat,seat_level_confirmation,not an event — the ratings page marking the seat open AFTER the incumbent announced. Useful only as a cross-check on incumbent_on_ballot_after,yes
HOU_NY_12_2026,Jerry Nadler,,,,retiring,,2025-09-01,wiki_first_seen,,https://en.wikipedia.org/wiki/2026_United_States_House_of_Representatives_elections,,high,,yes,1,264,0,2026-08-23,2026 United States House of Representatives elections,Retirements > Democratic,ushr template,# NY-12: Jerry Nadler is retiring.,,,
HOU_IA_02_2026,Ashley Hinson,,,,seeking_other_office,,2025-09-02,wiki_first_seen,,https://en.wikipedia.org/wiki/2026_United_States_House_of_Representatives_elections,,high,,yes,1,263,0,2026-08-23,2026 United States House of Representatives elections,Retirements > Republican,ushr template,# IA-2: Ashley Hinson is retiring to run for the U.S. Senate.,has_generic_twin,keep this row; its twin is the drop,
HOU_IA_02_2026,,,,,retiring,,2025-09-07,wiki_first_seen,,https://en.wikipedia.org/wiki/2026_United_States_House_of_Representatives_election_ratings,,high,,yes,5,147,0,2026-08-23,2026 United States House of Representatives election ratings,Election ratings > Latest published ratings for competitive seats; Party listings > Republican-held seats,district link,# Iowa 2: Open seat,seat_level_confirmation,not an event — the ratings page marking the seat open AFTER the incumbent announced. Useful only as a cross-check on incumbent_on_ballot_after,yes
HOU_TX_10_2026,Michael McCaul,,,,retiring,,2025-09-14,wiki_first_seen,,https://en.wikipedia.org/wiki/2026_United_States_House_of_Representatives_election_ratings; https://en.wikipedia.org/wiki/2026_United_States_House_of_Representatives_elections,,high,,yes,1,291,0,2026-08-23,2026 United States House of Representatives election ratings; 2026 United States House of Representatives elections,Election ratings > Latest published ratings for competitive seats; Retirements > Republican,ushr template,# TX-10: Michael McCaul is retiring.,,,
HOU_WI_07_2026,Tom Tiffany,,,,seeking_other_office,,2025-09-23,wiki_first_seen,,https://en.wikipedia.org/wiki/2026_United_States_House_of_Representatives_elections,,high,,yes,1,243,0,2026-08-23,2026 United States House of Representatives elections,Retirements > Republican,ushr template,# WI-7: Tom Tiffany is retiring to run for governor of Wisconsin.,has_generic_twin,keep this row; its twin is the drop,
HOU_AZ_01_2026,David Schweikert,,,,seeking_other_office,,2025-09-30,wiki_first_seen,,https://en.wikipedia.org/wiki/2026_United_States_House_of_Representatives_elections,,high,,yes,1,236,0,2026-08-23,2026 United States House of Representatives elections,Retirements > Republican,ushr template,# AZ-1: David Schweikert is retiring to run for governor of Arizona.,has_generic_twin,keep this row; its twin is the drop,
HOU_TX_38_2026,Wesley Hunt,,,,seeking_other_office,,2025-10-06,wiki_first_seen,,https://en.wikipedia.org/wiki/2026_United_States_House_of_Representatives_elections,,high,,yes,1,230,0,2026-08-23,2026 United States House of Representatives elections,Retirements > Republican,ushr template,# TX-38: Wesley Hunt is retiring to run for the U.S. Senate.,has_generic_twin,keep this row; its twin is the drop,
HOU_AZ_01_2026,,,,,retiring,,2025-10-12,wiki_first_seen,,https://en.wikipedia.org/wiki/2026_United_States_House_of_Representatives_election_ratings,,high,,yes,4,139,0,2026-08-23,2026 United States House of Representatives election ratings,Election ratings > Latest published ratings for competitive seats; Party listings > Republican-held seats,district link,# Arizona 1: Open seat,seat_level_confirmation,not an event — the ratings page marking the seat open AFTER the incumbent announced. Useful only as a cross-check on incumbent_on_ballot_after,yes
HOU_MA_06_2026,Seth Moulton,,,,seeking_other_office,,2025-10-15,wiki_first_seen,,https://en.wikipedia.org/wiki/2026_United_States_House_of_Representatives_elections,,high,,yes,1,222,0,2026-08-23,2026 United States House of Representatives elections,Retirements > Democratic,ushr template,# MA-6: Seth Moulton is retiring to run for the U.S. Senate.,,,
HOU_IL_04_2026,Chuy Garcia,,,,retiring,,2025-11-03,wiki_first_seen,,https://en.wikipedia.org/wiki/2026_United_States_House_of_Representatives_elections,,high,,yes,1,203,0,2026-08-23,2026 United States House of Representatives elections,Retirements > Democratic,ushr template,# IL-4: Chuy Garcia is retiring.,,,
HOU_ME_02_2026,Jared Golden,,,,retiring,,2025-11-05,wiki_first_seen,,https://en.wikipedia.org/wiki/2026_United_States_House_of_Representatives_election_ratings; https://en.wikipedia.org/wiki/2026_United_States_House_of_Representatives_elections,,high,,yes,1,241,0,2026-08-23,2026 United States House of Representatives election ratings; 2026 United States House of Representatives elections,Election ratings > Latest published ratings for competitive seats; Retirements > Democratic,ushr template,! ME-2 | Jared | Golden (retiring) | data-sort-value=-50.3 | 50.3% D,,,
HOU_CA_11_2026,Nancy Pelosi,,,,retiring,,2025-11-06,wiki_first_seen,,https://en.wikipedia.org/wiki/2026_United_States_House_of_Representatives_elections,,high,,yes,1,200,0,2026-08-23,2026 United States House of Representatives elections,Retirements > Democratic,ushr template,# CA-11: Nancy Pelosi is retiring.,,,
HOU_ME_02_2026,,,,,retiring,,2025-11-07,wiki_first_seen,,https://en.wikipedia.org/wiki/2026_United_States_House_of_Representatives_election_ratings,,high,,yes,1,125,0,2026-08-23,2026 United States House of Representatives election ratings,Election ratings > Democratic-held seats; Party listings > Democratic-held seats,district link,# Maine 2: Open seat,seat_level_confirmation,not an event — the ratings page marking the seat open AFTER the incumbent announced. Useful only as a cross-check on incumbent_on_ballot_after,yes
HOU_NY_21_2026,Elise Stefanik,,,,seeking_other_office,,2025-11-07,wiki_first_seen,,https://en.wikipedia.org/wiki/2026_United_States_House_of_Representatives_elections,,high,,,1,42,0,2025-12-18,2026 United States House of Representatives elections,Retirements > Republican,ushr template,#NY-21: Elise Stefanik is retiring to run for governor of New York.,has_generic_twin,keep this row; its twin is the drop,
HOU_NJ_12_2026,Bonnie Watson Coleman,,,,retiring,,2025-11-10,wiki_first_seen,,https://en.wikipedia.org/wiki/2026_United_States_House_of_Representatives_elections,,high,,yes,1,196,0,2026-08-23,2026 United States House of Representatives elections,Retirements > Democratic,ushr template,# NJ-12: Bonnie Watson Coleman is retiring.,,,
HOU_TX_19_2026,Jodey Arrington,,,,retiring,,2025-11-11,wiki_first_seen,,https://en.wikipedia.org/wiki/2026_United_States_House_of_Representatives_elections,,high,,yes,1,195,0,2026-08-23,2026 United States House of Representatives elections,Retirements > Republican,ushr template,# TX-19: Jodey Arrington is retiring.,,,
HOU_NY_07_2026,Nydia Velázquez,,,,retiring,,2025-11-20,wiki_first_seen,,https://en.wikipedia.org/wiki/2026_United_States_House_of_Representatives_elections,,high,,yes,1,186,0,2026-08-23,2026 United States House of Representatives elections,Retirements > Democratic,ushr template,# NY-7: Nydia Velázquez is retiring.,,,
HOU_CA_14_2026,Eric Swalwell,,,,seeking_other_office,,2025-11-21,wiki_first_seen,,https://en.wikipedia.org/wiki/2026_United_States_House_of_Representatives_elections,,high,,,1,129,0,2026-04-11,2026 United States House of Representatives elections,Retirements > Democratic,ushr template,# CA-14: Eric Swalwell is retiring to run for governor of California.,,,
HOU_TX_22_2026,Troy Nehls,,,,retiring,,2025-11-29,wiki_first_seen,,https://en.wikipedia.org/wiki/2026_United_States_House_of_Representatives_election_ratings; https://en.wikipedia.org/wiki/2026_United_States_House_of_Representatives_elections,,high,,yes,1,217,0,2026-08-23,2026 United States House of Representatives election ratings; 2026 United States House of Representatives elections,Election ratings > Latest published ratings for competitive seats; Retirements > Republican,ushr template,# TX-22: Troy Nehls is retiring.,,,
HOU_TX_30_2026,Jasmine Crockett,,,,seeking_other_office,,2025-12-08,wiki_first_seen,,https://en.wikipedia.org/wiki/2026_United_States_House_of_Representatives_elections,,high,,yes,1,168,0,2026-08-23,2026 United States House of Representatives elections,Retirements > Democratic,ushr template,# TX-30: Jasmine Crockett is retiring to run for the U.S. Senate.,,,
HOU_TX_33_2026,Marc Veasey,,,,seeking_other_office,,2025-12-08,wiki_first_seen,,https://en.wikipedia.org/wiki/2026_United_States_House_of_Representatives_elections,,high,,,1,8,0,2025-12-15,2026 United States House of Representatives elections,Retirements > Democratic,ushr template,# TX-33: Marc Veasey is retiring to run for Tarrant County Judge,has_generic_twin,keep this row; its twin is the drop,
HOU_TX_33_2026,Marc Veasey,,,,retiring,,2025-12-16,wiki_first_seen,,https://en.wikipedia.org/wiki/2026_United_States_House_of_Representatives_elections,,high,,yes,1,160,0,2026-08-23,2026 United States House of Representatives elections,Retirements > Democratic,ushr template,# TX-33: Marc Veasey is retiring due to redistricting.,generic_duplicate,drop — seeking_other_office on 2025-12-08 says the same thing earlier and with the reason,yes
HOU_WA_04_2026,Dan Newhouse,,,,retiring,,2025-12-17,wiki_first_seen,,https://en.wikipedia.org/wiki/2026_United_States_House_of_Representatives_election_ratings; https://en.wikipedia.org/wiki/2026_United_States_House_of_Representatives_elections,,high,,yes,1,199,0,2026-08-23,2026 United States House of Representatives election ratings; 2026 United States House of Representatives elections,Election ratings > Latest published ratings for competitive seats; Retirements > Republican,ushr template,# WA-4: Dan Newhouse is retiring.,,,
HOU_WY_01_2026,Harriet Hageman,,,,seeking_other_office,,2025-12-23,wiki_first_seen,,https://en.wikipedia.org/wiki/2026_United_States_House_of_Representatives_elections,,high,,yes,1,153,0,2026-08-23,2026 United States House of Representatives elections,Retirements > Republican,ushr at-large (=01),# WY-AL: Harriet Hageman is retiring to run for the U.S. Senate.,,,
GOV_MN_2026,Tim Walz,,,,retiring,,2026-01-05,wiki_first_seen,,https://en.wikipedia.org/wiki/2026_United_States_gubernatorial_elections,,high,,yes,4,187,0,2026-08-23,2026 United States gubernatorial elections,Predictions; Race summary > States; Retirements,state name,"! Minnesota | Tim | Walz (retiring) | data-sort-value=""-52.3"" | 52.27% DFL",person_conflict,"two names for this seat and event type: Peggy Bennett, Tim Walz — one is a misread table cell",yes
GOV_MN_2026,Peggy Bennett,,,,retiring,,2026-01-07,wiki_first_seen,,https://en.wikipedia.org/wiki/2026_United_States_gubernatorial_elections,,high,,,1,72,0,2026-03-29,2026 United States gubernatorial elections,Race summary > States,state name,! Minnesota | Tim | Walz | DFL | 2018 | data-sort-value=-52.3 | 52.3% DFL | Incumbent retiring | nowrap | {{Plainlist | * Peggy Bennett (Republican),person_conflict,"two names for this seat and event type: Peggy Bennett, Tim Walz — one is a misread table cell",yes
HOU_CA_26_2026,Julia Brownley,,,,retiring,,2026-01-08,wiki_first_seen,,https://en.wikipedia.org/wiki/2026_United_States_House_of_Representatives_elections,,high,,yes,1,137,0,2026-08-23,2026 United States House of Representatives elections,Retirements > Democratic,ushr template,# CA-26: Julia Brownley is retiring.,,,
HOU_MD_05_2026,Steny Hoyer,,,,retiring,,2026-01-08,wiki_first_seen,,https://en.wikipedia.org/wiki/2026_United_States_House_of_Representatives_elections,,high,,yes,1,137,0,2026-08-23,2026 United States House of Representatives elections,Retirements > Democratic,ushr template,# MD-5: Steny Hoyer is retiring.,,,
HOU_FL_16_2026,Vern Buchanan,,,,retiring,,2026-01-27,wiki_first_seen,,https://en.wikipedia.org/wiki/2026_United_States_House_of_Representatives_election_ratings; https://en.wikipedia.org/wiki/2026_United_States_House_of_Representatives_elections,,high,,yes,1,158,0,2026-08-23,2026 United States House of Representatives election ratings; 2026 United States House of Representatives elections,Election ratings > Latest published ratings for competitive seats; Retirements > Republican,ushr template,# FL-16: Vern Buchanan is retiring.,,,
HOU_NV_02_2026,Mark Amodei,,,,retiring,,2026-02-06,wiki_first_seen,,https://en.wikipedia.org/wiki/2026_United_States_House_of_Representatives_election_ratings; https://en.wikipedia.org/wiki/2026_United_States_House_of_Representatives_elections,,high,,yes,1,148,0,2026-08-23,2026 United States House of Representatives election ratings; 2026 United States House of Representatives elections,Election ratings > Latest published ratings for competitive seats; Retirements > Republican,ushr template,# NV-2: Mark Amodei is retiring.,,,
HOU_SC_01_2026,,,,,retiring,,2026-02-10,wiki_first_seen,,https://en.wikipedia.org/wiki/2026_United_States_House_of_Representatives_election_ratings,,high,,yes,3,84,0,2026-08-23,2026 United States House of Representatives election ratings,Election ratings > Latest published ratings for competitive seats; Party listings > Republican-held seats,district link,# South Carolina 1: Open seat,seat_level_confirmation,not an event — the ratings page marking the seat open AFTER the incumbent announced. Useful only as a cross-check on incumbent_on_ballot_after,yes
HOU_MT_01_2026,Ryan Zinke,,,,retiring,,2026-03-02,wiki_first_seen,,https://en.wikipedia.org/wiki/2026_United_States_House_of_Representatives_election_ratings; https://en.wikipedia.org/wiki/2026_United_States_House_of_Representatives_elections,,high,,yes,1,124,0,2026-08-23,2026 United States House of Representatives election ratings; 2026 United States House of Representatives elections,Election ratings > Latest published ratings for competitive seats; Retirements > Republican,ushr template,! MT-1 | Ryan | Zinke (retiring) | data-sort-value=52.3 | 52.3% R,,,
HOU_TX_02_2026,Dan Crenshaw,,,,lost_primary,,2026-03-04,wiki_first_seen,,https://en.wikipedia.org/wiki/2026_United_States_House_of_Representatives_election_ratings; https://en.wikipedia.org/wiki/2026_United_States_House_of_Representatives_elections,,high,,yes,1,122,0,2026-08-23,2026 United States House of Representatives election ratings; 2026 United States House of Representatives elections,Election ratings > Latest published ratings for competitive seats; Incumbents defeated > In primary elections > Republic,ushr template,# TX-2: Dan Crenshaw lost renomination to Steve Toth.,,,
HOU_UT_04_2026,Burgess Owens,,,,retiring,,2026-03-04,wiki_first_seen,,https://en.wikipedia.org/wiki/2026_United_States_House_of_Representatives_elections,,high,,yes,1,82,0,2026-08-23,2026 United States House of Representatives elections,Retirements > Republican,ushr template,# UT-4: Burgess Owens is retiring.,,,
HOU_CA_48_2026,Darrell Issa,,,,retiring,,2026-03-06,wiki_first_seen,,https://en.wikipedia.org/wiki/2026_United_States_House_of_Representatives_election_ratings; https://en.wikipedia.org/wiki/2026_United_States_House_of_Representatives_elections,,high,,yes,1,120,0,2026-08-23,2026 United States House of Representatives election ratings; 2026 United States House of Representatives elections,Election ratings > Latest published ratings for competitive seats; Retirements > Republican,ushr template,# CA-48: Darrell Issa is retiring.,,,
HOU_CA_48_2026,,,,,retiring,,2026-03-07,wiki_first_seen,,https://en.wikipedia.org/wiki/2026_United_States_House_of_Representatives_election_ratings,,high,,yes,3,77,0,2026-08-23,2026 United States House of Representatives election ratings,Election ratings > Latest published ratings for competitive seats; Party listings > Republican-held seats,district link,# California 48: Open seat,seat_level_confirmation,not an event — the ratings page marking the seat open AFTER the incumbent announced. Useful only as a cross-check on incumbent_on_ballot_after,yes
HOU_MT_01_2026,,,,,retiring,,2026-03-07,wiki_first_seen,,https://en.wikipedia.org/wiki/2026_United_States_House_of_Representatives_election_ratings,,high,,yes,3,77,0,2026-08-23,2026 United States House of Representatives election ratings,Election ratings > Latest published ratings for competitive seats; Party listings > Republican-held seats,district link,# Montana 1: Open seat,seat_level_confirmation,not an event — the ratings page marking the seat open AFTER the incumbent announced. Useful only as a cross-check on incumbent_on_ballot_after,yes
HOU_OK_01_2026,Kevin Hern,,,,seeking_other_office,,2026-03-11,wiki_first_seen,,https://en.wikipedia.org/wiki/2026_United_States_House_of_Representatives_elections,,high,,yes,1,75,0,2026-08-23,2026 United States House of Representatives elections,Retirements > Republican,ushr template,# OK-1: Kevin Hern is retiring to run for the U.S. Senate.,has_generic_twin,keep this row; its twin is the drop,
HOU_MO_06_2026,Sam Graves,,,,retiring,,2026-03-30,wiki_first_seen,,https://en.wikipedia.org/wiki/2026_United_States_House_of_Representatives_elections,,high,,yes,4,61,0,2026-08-23,2026 United States House of Representatives elections,Retirements > Republican,ushr template,# MO-6: Sam Graves is retiring.,,,
HOU_FL_11_2026,Daniel Webster,,,,retiring,,2026-05-01,wiki_first_seen,,https://en.wikipedia.org/wiki/2026_United_States_House_of_Representatives_election_ratings; https://en.wikipedia.org/wiki/2026_United_States_House_of_Representatives_elections,,high,,yes,2,82,0,2026-08-23,2026 United States House of Representatives election ratings; 2026 United States House of Representatives elections,Election ratings > Latest published ratings for competitive seats; Retirements > Republican,ushr template,#FL-11: Daniel Webster is retiring.,,,
HOU_TN_09_2026,Steve Cohen,,,,retiring,,2026-05-15,wiki_first_seen,,https://en.wikipedia.org/wiki/2026_United_States_House_of_Representatives_election_ratings; https://en.wikipedia.org/wiki/2026_United_States_House_of_Representatives_elections,,high,,yes,2,70,0,2026-08-23,2026 United States House of Representatives election ratings; 2026 United States House of Representatives elections,Election ratings > Latest published ratings for competitive seats; Retirements > Democratic,ushr template,"!TN-9 | Steve | Cohen | dab=politician (retiring) | data-sort-value=""-71.3"" | 71.3% D",,,
HOU_KY_04_2026,Thomas Massie,,,,lost_primary,,2026-05-19,wiki_first_seen,,https://en.wikipedia.org/wiki/2026_United_States_House_of_Representatives_elections,,high,,yes,2,44,0,2026-08-23,2026 United States House of Representatives elections,Incumbents defeated > In primary elections > Republicans,ushr template,#KY-4: Thomas Massie lost renomination to Ed Gallrein.,,,
HOU_FL_24_2026,Frederica Wilson,,,,retiring,,2026-05-29,wiki_first_seen,,https://en.wikipedia.org/wiki/2026_United_States_House_of_Representatives_elections,,high,,yes,4,41,0,2026-08-23,2026 United States House of Representatives elections,Retirements > Democratic,ushr template,#FL-24: Frederica Wilson is retiring.,,,
HOU_TX_33_2026,Julie Johnson,,,,lost_primary,,2026-05-29,wiki_first_seen,,https://en.wikipedia.org/wiki/2026_United_States_House_of_Representatives_elections,,high,,yes,4,41,0,2026-08-23,2026 United States House of Representatives elections,Incumbents defeated > In primary elections > Democrats,ushr template,#TX-33: Julie Johnson lost renomination to Colin Allred.,,,
HOU_NY_10_2026,Dan Goldman,,,,lost_primary,,2026-06-24,wiki_first_seen,,https://en.wikipedia.org/wiki/2026_United_States_House_of_Representatives_elections,,high,,yes,2,29,0,2026-08-23,2026 United States House of Representatives elections,Incumbents defeated > In primary elections > Democrats,ushr template,#NY-10: Dan Goldman lost renomination to Brad Lander.,,,
HOU_NY_13_2026,Adriano Espaillat,,,,lost_primary,,2026-06-24,wiki_first_seen,,https://en.wikipedia.org/wiki/2026_United_States_House_of_Representatives_elections,,high,,yes,2,29,0,2026-08-23,2026 United States House of Representatives elections,Incumbents defeated > In primary elections > Democrats,ushr template,#NY-13: Adriano Espaillat lost renomination to Darializa Avila Chevalier.,,,
HOU_CO_01_2026,Diana DeGette,,,,lost_primary,,2026-07-03,wiki_first_seen,,https://en.wikipedia.org/wiki/2026_United_States_House_of_Representatives_elections,,high,,yes,3,25,0,2026-08-23,2026 United States House of Representatives elections,Incumbents defeated > In primary elections > Democrats,ushr template,#CO-1: Diana DeGette lost renomination to Melat Kiros.,,,
HOU_FL_16_2026,,,,,retiring,,2026-07-22,wiki_first_seen,,https://en.wikipedia.org/wiki/2026_United_States_House_of_Representatives_election_ratings,,high,,yes,5,21,0,2026-08-23,2026 United States House of Representatives election ratings,Election ratings > Latest published ratings for competitive seats; Party listings > Republican-held seats,district link,#Florida 16: Open seat,seat_level_confirmation,not an event — the ratings page marking the seat open AFTER the incumbent announced. Useful only as a cross-check on incumbent_on_ballot_after,yes
HOU_LA_06_2026,,,,,retiring,,2026-07-22,wiki_first_seen,,https://en.wikipedia.org/wiki/2026_United_States_House_of_Representatives_election_ratings,,high,,yes,5,21,0,2026-08-23,2026 United States House of Representatives election ratings,Election ratings > Democratic-held seats; Party listings > Democratic-held seats,district link,#Louisiana 6: Open seat,seat_level_confirmation,not an event — the ratings page marking the seat open AFTER the incumbent announced. Useful only as a cross-check on incumbent_on_ballot_after,yes
HOU_TN_09_2026,,,,,retiring,,2026-07-22,wiki_first_seen,,https://en.wikipedia.org/wiki/2026_United_States_House_of_Representatives_election_ratings,,high,,yes,5,21,0,2026-08-23,2026 United States House of Representatives election ratings,Election ratings > Democratic-held seats; Party listings > Democratic-held seats,district link,#Tennessee 9: Open seat,seat_level_confirmation,not an event — the ratings page marking the seat open AFTER the incumbent announced. Useful only as a cross-check on incumbent_on_ballot_after,yes
HOU_LA_06_2026,Cleo Fields,,,,retiring,,2026-07-24,wiki_first_seen,,https://en.wikipedia.org/wiki/2026_United_States_House_of_Representatives_election_ratings,,high,,,1,4,0,2026-07-30,2026 United States House of Representatives election ratings,Election ratings > Latest published ratings for competitive seats,ushr template,"!LA-6 | Cleo | Fields (retiring) | data-sort-value=""50.8"" | 50.8% D",generic_duplicate,drop — seeking_other_office on 2026-07-24 says the same thing earlier and with the reason,yes
HOU_LA_06_2026,Cleo Fields,,,,seeking_other_office,,2026-07-24,wiki_first_seen,,https://en.wikipedia.org/wiki/2026_United_States_House_of_Representatives_elections,,high,,yes,4,17,0,2026-08-23,2026 United States House of Representatives elections,Retirements > Democratic,ushr template,#LA-6: Cleo Fields is retiring to run for Louisiana State Senate due to redistricting.,has_generic_twin,keep this row; its twin is the drop,
HOU_MI_13_2026,Shri Thanedar,,,,lost_primary,,2026-08-05,wiki_first_seen,,https://en.wikipedia.org/wiki/2026_United_States_House_of_Representatives_elections,,high,,yes,2,11,0,2026-08-23,2026 United States House of Representatives elections,Incumbents defeated > In primary elections > Democrats,ushr template,#MI-13: Shri Thanedar lost renomination to Donavan McKinney.,,,
HOU_NC_11_2026,,,,,retiring,,2026-08-05,wiki_first_seen,,https://en.wikipedia.org/wiki/2026_United_States_House_of_Representatives_election_ratings,,high,,yes,2,13,0,2026-08-23,2026 United States House of Representatives election ratings,Election ratings > Latest published ratings for competitive seats; Party listings > Republican-held seats,district link,#North Carolina 11: Open seat,seat_level_confirmation,not an event — the ratings page marking the seat open AFTER the incumbent announced. Useful only as a cross-check on incumbent_on_ballot_after,yes
HOU_NC_11_2026,Chuck Edwards,,,,retiring,,2026-08-05,wiki_first_seen,,https://en.wikipedia.org/wiki/2026_United_States_House_of_Representatives_election_ratings; https://en.wikipedia.org/wiki/2026_United_States_House_of_Representatives_elections,,high,,yes,2,15,0,2026-08-23,2026 United States House of Representatives election ratings; 2026 United States House of Representatives elections,Election ratings > Latest published ratings for competitive seats; Retirements > Republican,ushr template,"!NC-11 | Chuck | Edwards (retiring) | data-sort-value=""56.8"" | 56.8% R",,,
HOU_NV_02_2026,,,,,retiring,,2026-08-05,wiki_first_seen,,https://en.wikipedia.org/wiki/2026_United_States_House_of_Representatives_election_ratings,,high,,yes,2,13,0,2026-08-23,2026 United States House of Representatives election ratings,Election ratings > Latest published ratings for competitive seats; Party listings > Republican-held seats,district link,#Nevada 2: Open seat,seat_level_confirmation,not an event — the ratings page marking the seat open AFTER the incumbent announced. Useful only as a cross-check on incumbent_on_ballot_after,yes
HOU_NY_21_2026,,,,,retiring,,2026-08-05,wiki_first_seen,,https://en.wikipedia.org/wiki/2026_United_States_House_of_Representatives_election_ratings,,high,,yes,2,13,0,2026-08-23,2026 United States House of Representatives election ratings,Election ratings > Latest published ratings for competitive seats; Party listings > Republican-held seats,district link,#New York 21: Open seat,seat_level_confirmation,not an event — the ratings page marking the seat open AFTER the incumbent announced. Useful only as a cross-check on incumbent_on_ballot_after,yes
HOU_TX_23_2026,,,,,retiring,,2026-08-05,wiki_first_seen,,https://en.wikipedia.org/wiki/2026_United_States_House_of_Representatives_election_ratings,,high,,yes,2,13,0,2026-08-23,2026 United States House of Representatives election ratings,Election ratings > Latest published ratings for competitive seats; Party listings > Republican-held seats,district link,#Texas 23: Open seat,seat_level_confirmation,not an event — the ratings page marking the seat open AFTER the incumbent announced. Useful only as a cross-check on incumbent_on_ballot_after,yes
HOU_TN_05_2026,Andy Ogles,,,,lost_primary,,2026-08-07,wiki_first_seen,,https://en.wikipedia.org/wiki/2026_United_States_House_of_Representatives_election_ratings; https://en.wikipedia.org/wiki/2026_United_States_House_of_Representatives_elections,,high,,yes,1,13,0,2026-08-23,2026 United States House of Representatives election ratings; 2026 United States House of Representatives elections,Election ratings > Latest published ratings for competitive seats; Incumbents defeated > In primary elections > Republic,ushr template,"!TN-5 | Andy | Ogles (lost renomination) | data-sort-value=""56.8"" | 56.8% R",,,
HOU_CT_01_2026,John B. Larson,,,,lost_primary,,2026-08-13,wiki_first_seen,,https://en.wikipedia.org/wiki/2026_United_States_House_of_Representatives_elections,,high,,yes,2,7,0,2026-08-23,2026 United States House of Representatives elections,Incumbents defeated > In primary elections > Democrats,ushr template,#CT-1: John B. Larson lost renomination to Luke Bronin.,,,
HOU_FL_07_2026,Cory Mills,,,,lost_primary,,2026-08-19,wiki_first_seen,,https://en.wikipedia.org/wiki/2026_United_States_House_of_Representatives_election_ratings; https://en.wikipedia.org/wiki/2026_United_States_House_of_Representatives_elections,,high,,yes,2,5,0,2026-08-23,2026 United States House of Representatives election ratings; 2026 United States House of Representatives elections,Election ratings > Latest published ratings for competitive seats; Incumbents defeated > In primary elections > Republic,ushr template,#FL-7: Cory Mills lost renomination to Ryan Elijah.,,,
HOU_AZ_07_2026,Raúl Grijalva,,,,retiring,,2025-01-20,wiki_first_seen,,https://en.wikipedia.org/wiki/2026_United_States_House_of_Representatives_elections,,medium,yes,,-1,43,0,2025-03-12,2026 United States House of Representatives elections,Retirements > Democratic,ushr template,# AZ-7: Raúl Grijalva is retiring.,date_is_an_upper_bound,already on the page when we started watching — the real date is EARLIER. Needs a primary source or the row goes,yes
HOU_FL_07_2026,Cory Mills,,,,seeking_other_office,,2025-01-20,wiki_first_seen,,https://en.wikipedia.org/wiki/2026_United_States_House_of_Representatives_elections,,medium,yes,,-1,6,1,2025-01-27,2026 United States House of Representatives elections,Retirements > Republican,ushr template,# FL-7: Cory Mills is retiring to run for U.S. Senate.,earlier_generic; date_is_an_upper_bound,"merge — keep this date, take the lost_primary type from 2026-08-19",yes
SEN_MI_2026,Gary Peters,,,,retiring,,2025-01-28,wiki_first_seen,,https://en.wikipedia.org/wiki/2026_United_States_Senate_elections,,medium,,,1,129,1,2025-06-28,2026 United States Senate elections,Retirements,state name,"! Michigan | Gary | Peters (retiring) | data-sort-value=""-49.9"" | 49.90% D",,,
HOU_KY_06_2026,Andy Barr,,,,seeking_other_office,,2025-02-10,wiki_first_seen,,https://en.wikipedia.org/wiki/2026_United_States_House_of_Representatives_elections,,medium,,yes,1,410,2,2026-08-23,2026 United States House of Representatives elections,Retirements > Republican,ushr template,# KY-6: Andy Barr is retiring to run for the U.S. Senate.,has_generic_twin,keep this row; its twin is the drop,
HOU_MI_10_2026,John James,,,,seeking_other_office,,2025-04-07,wiki_first_seen,,https://en.wikipedia.org/wiki/2026_United_States_House_of_Representatives_elections,,medium,,yes,1,140,1,2026-08-23,2026 United States House of Representatives elections,Retirements > Republican,ushr template,# MI-10: John James is retiring to run for governor.,has_generic_twin,keep this row; its twin is the drop,
HOU_IA_04_2026,Randy Feenstra,,,,seeking_other_office,,2025-05-12,wiki_first_seen,,https://en.wikipedia.org/wiki/2026_United_States_House_of_Representatives_elections,,medium,,yes,1,370,1,2026-08-23,2026 United States House of Representatives elections,Retirements > Republican,ushr template,# IA-4: Randy Feenstra is retiring to run for governor.,has_generic_twin,keep this row; its twin is the drop,
HOU_IL_07_2026,Danny K. Davis,,,,retiring,,2025-07-30,wiki_first_seen,,https://en.wikipedia.org/wiki/2026_United_States_House_of_Representatives_elections,,medium,,,1,2,0,2025-07-31,2026 United States House of Representatives elections,Retirements > Democratic,ushr template,# IL-7: Danny K. Davis is retiring.,person_conflict,"two names for this seat and event type: Danny Davis, Danny K. Davis — one is a misread table cell",yes
HOU_TX_37_2026,Lloyd Doggett,,,,retiring,,2025-08-21,wiki_first_seen,,https://en.wikipedia.org/wiki/2026_United_States_House_of_Representatives_elections,,medium,,yes,1,258,1,2026-08-23,2026 United States House of Representatives elections,Retirements > Democratic,ushr template,# TX-37: Lloyd Doggett is retiring due to redistricting.,,,
HOU_KY_06_2026,Andy Barr,,,,retiring,,2025-08-24,wiki_first_seen,,https://en.wikipedia.org/wiki/2026_United_States_House_of_Representatives_election_ratings,,medium,yes,yes,-1,147,1,2026-08-23,2026 United States House of Representatives election ratings,Election ratings > Latest published ratings for competitive seats,ushr template,! KY-6 | Andy | Barr (retiring) | data-sort-value=63.0 | 63.0% R,generic_duplicate; date_is_an_upper_bound,drop — seeking_other_office on 2025-02-10 says the same thing earlier and with the reason,yes
HOU_MI_10_2026,John James,,,,retiring,,2025-08-24,wiki_first_seen,,https://en.wikipedia.org/wiki/2026_United_States_House_of_Representatives_election_ratings,,medium,yes,yes,-1,147,1,2026-08-23,2026 United States House of Representatives election ratings,Election ratings > Latest published ratings for competitive seats,ushr template,! MI-10 | John | James | dab=Michigan politician (retiring) | data-sort-value=51.1 | 51.1% R,generic_duplicate; date_is_an_upper_bound,drop — seeking_other_office on 2025-04-07 says the same thing earlier and with the reason,yes
HOU_MN_02_2026,Angie Craig,,,,retiring,,2025-08-24,wiki_first_seen,,https://en.wikipedia.org/wiki/2026_United_States_House_of_Representatives_election_ratings,,medium,yes,yes,-1,147,1,2026-08-23,2026 United States House of Representatives election ratings,Election ratings > Latest published ratings for competitive seats,ushr template,! MN-2 | Angie | Craig (retiring) | data-sort-value=-55.6 | 55.6% D,generic_duplicate; date_is_an_upper_bound,drop — seeking_other_office on 2025-04-29 says the same thing earlier and with the reason,yes
HOU_NH_01_2026,Chris Pappas,,,,retiring,,2025-08-24,wiki_first_seen,,https://en.wikipedia.org/wiki/2026_United_States_House_of_Representatives_election_ratings,,medium,yes,yes,-1,147,1,2026-08-23,2026 United States House of Representatives election ratings,Election ratings > Latest published ratings for competitive seats,ushr template,! NH-1 | Chris | Pappas | dab=American politician (retiring) | data-sort-value=-54.0 | 54.0% D,generic_duplicate; date_is_an_upper_bound,drop — seeking_other_office on 2025-04-03 says the same thing earlier and with the reason,yes
HOU_IA_02_2026,Ashley Hinson,,,,retiring,,2025-09-02,wiki_first_seen,,https://en.wikipedia.org/wiki/2026_United_States_House_of_Representatives_election_ratings,,medium,,yes,4,144,1,2026-08-23,2026 United States House of Representatives election ratings,Election ratings > Latest published ratings for competitive seats,ushr template,! IA-2 | Ashley | Hinson (retiring) | data-sort-value=57.1 | 57.1% R,generic_duplicate,drop — seeking_other_office on 2025-09-02 says the same thing earlier and with the reason,yes
HOU_TX_08_2026,Morgan Luttrell,,,,retiring,,2025-09-11,wiki_first_seen,,https://en.wikipedia.org/wiki/2026_United_States_House_of_Representatives_election_ratings; https://en.wikipedia.org/wiki/2026_United_States_House_of_Representatives_elections,,medium,,yes,1,257,25,2026-08-23,2026 United States House of Representatives election ratings; 2026 United States House of Representatives elections,Election ratings > Latest published ratings for competitive seats; Retirements > Republican,ushr template,# TX-8: Morgan Luttrell is retiring.,,,
HOU_AZ_01_2026,David Schweikert,,,,retiring,,2025-10-01,wiki_first_seen,,https://en.wikipedia.org/wiki/2026_United_States_House_of_Representatives_election_ratings,,medium,,yes,1,138,1,2026-08-23,2026 United States House of Representatives election ratings,Election ratings > Latest published ratings for competitive seats,ushr template,! AZ-1 | David | Schweikert (retiring) | data-sort-value=51.9 | 51.9% R,generic_duplicate,drop — seeking_other_office on 2025-09-30 says the same thing earlier and with the reason,yes
HOU_AZ_05_2026,Andy Biggs,,,,retiring,,2025-10-08,wiki_first_seen,,https://en.wikipedia.org/wiki/2026_United_States_House_of_Representatives_election_ratings,,medium,,yes,6,136,1,2026-08-23,2026 United States House of Representatives election ratings,Election ratings > Latest published ratings for competitive seats,ushr template,! AZ-5 | Andy | Biggs (retiring) | data-sort-value=60.4 | 60.4% R,generic_duplicate,drop — seeking_other_office on 2025-01-25 says the same thing earlier and with the reason,yes
HOU_GA_01_2026,Buddy Carter,,,,retiring,,2025-10-08,wiki_first_seen,,https://en.wikipedia.org/wiki/2026_United_States_House_of_Representatives_election_ratings,,medium,,yes,6,136,1,2026-08-23,2026 United States House of Representatives election ratings,Election ratings > Latest published ratings for competitive seats,ushr template,! GA-1 | Buddy | Carter (retiring) | data-sort-value= 62.0 | 62.0% R,generic_duplicate,drop — seeking_other_office on 2025-05-08 says the same thing earlier and with the reason,yes
HOU_GA_10_2026,Mike Collins,,,,retiring,,2025-10-08,wiki_first_seen,,https://en.wikipedia.org/wiki/2026_United_States_House_of_Representatives_election_ratings,,medium,,,6,101,1,2026-07-30,2026 United States House of Representatives election ratings,Election ratings > Latest published ratings for competitive seats,ushr template,! GA-10 | Mike | Collins | dab=politician (retiring) | data-sort-value= 63.1 | 63.1% R,generic_duplicate,drop — seeking_other_office on 2025-07-28 says the same thing earlier and with the reason,yes
HOU_IL_08_2026,Raja Krishnamoorthi,,,,retiring,,2025-10-08,wiki_first_seen,,https://en.wikipedia.org/wiki/2026_United_States_House_of_Representatives_election_ratings,,medium,,yes,6,99,2,2026-08-23,2026 United States House of Representatives election ratings,Election ratings > Latest published ratings for competitive seats,ushr template,! IL-8 | Raja | Krishnamoorthi (retiring) | data-sort-value=-57.1 | 57.1% D,generic_duplicate,drop — seeking_other_office on 2025-05-07 says the same thing earlier and with the reason,yes
HOU_SC_01_2026,Nancy Mace,,,,retiring,,2025-10-08,wiki_first_seen,,https://en.wikipedia.org/wiki/2026_United_States_House_of_Representatives_election_ratings,,medium,,yes,6,136,1,2026-08-23,2026 United States House of Representatives election ratings,Election ratings > Latest published ratings for competitive seats,ushr template,! SC-1 | Nancy | Mace (retiring) | data-sort-value= 58.3 | 58.3% R,generic_duplicate,drop — seeking_other_office on 2025-08-04 says the same thing earlier and with the reason,yes
HOU_SC_05_2026,Ralph Norman,,,,retiring,,2025-10-08,wiki_first_seen,,https://en.wikipedia.org/wiki/2026_United_States_House_of_Representatives_election_ratings,,medium,,yes,6,120,2,2026-08-23,2026 United States House of Representatives election ratings,Election ratings > Latest published ratings for competitive seats,ushr template,! SC-5 | Ralph | Norman (retiring) | data-sort-value= 63.6 | 63.6% R,generic_duplicate,drop — seeking_other_office on 2025-07-25 says the same thing earlier and with the reason,yes
HOU_TX_21_2026,Chip Roy,,,,retiring,,2025-10-08,wiki_first_seen,,https://en.wikipedia.org/wiki/2026_United_States_House_of_Representatives_election_ratings,,medium,,yes,6,119,2,2026-08-23,2026 United States House of Representatives election ratings,Election ratings > Latest published ratings for competitive seats,ushr template,! TX-21 | TBD | Chip | Roy (retiring) | data-sort-value= 61.8 | 61.8% R,generic_duplicate,drop — seeking_other_office on 2025-08-21 says the same thing earlier and with the reason,yes
HOU_WI_07_2026,Tom Tiffany,,,,retiring,,2025-10-08,wiki_first_seen,,https://en.wikipedia.org/wiki/2026_United_States_House_of_Representatives_election_ratings,,medium,,yes,6,136,1,2026-08-23,2026 United States House of Representatives election ratings,Election ratings > Latest published ratings for competitive seats,ushr template,! WI-7 | Tom | Tiffany (retiring) | data-sort-value= 63.6 | 63.6% R,generic_duplicate,drop — seeking_other_office on 2025-09-23 says the same thing earlier and with the reason,yes
HOU_TX_38_2026,Wesley Hunt,,,,retiring,,2025-10-15,wiki_first_seen,,https://en.wikipedia.org/wiki/2026_United_States_House_of_Representatives_election_ratings,,medium,,,1,109,2,2026-08-05,2026 United States House of Representatives election ratings,Election ratings > Latest published ratings for competitive seats,ushr template,! TX-38 | TBD | Wesley | Hunt (retiring) | 62.9% R,generic_duplicate,drop — seeking_other_office on 2025-10-06 says the same thing earlier and with the reason,yes
GOV_DC_2026,Muriel Bowser,,,,retiring,,2025-11-25,wiki_first_seen,,https://en.wikipedia.org/wiki/2026_United_States_gubernatorial_elections,,medium,,,1,47,1,2026-03-29,2026 United States gubernatorial elections,Race summary > Territories and federal district,state name,! District of Columbia | Muriel | Bowser | 2014 | data-sort-value=-74.7 | 74.7% D | Incumbent retiring | TBD,,,
HOU_NY_21_2026,Elise Stefanik,,,,retiring,,2025-12-13,wiki_first_seen,,https://en.wikipedia.org/wiki/2026_United_States_House_of_Representatives_election_ratings; https://en.wikipedia.org/wiki/2026_United_States_House_of_Representatives_elections,,medium,,yes,1,198,1,2026-08-23,2026 United States House of Representatives election ratings; 2026 United States House of Representatives elections,Election ratings > Latest published ratings for competitive seats; Retirements > Republican,ushr template,! NY-21 | Elise | Stefanik (retiring) | data-sort-value= 62.1 | 62.1% R,generic_duplicate,drop — seeking_other_office on 2025-11-07 says the same thing earlier and with the reason,yes
HOU_FL_02_2026,Neal Dunn,,,,retiring,,2026-01-13,wiki_first_seen,,https://en.wikipedia.org/wiki/2026_United_States_House_of_Representatives_election_ratings; https://en.wikipedia.org/wiki/2026_United_States_House_of_Representatives_elections,,medium,,yes,1,167,3,2026-08-23,2026 United States House of Representatives election ratings; 2026 United States House of Representatives elections,Election ratings > Latest published ratings for competitive seats; Retirements > Republican,ushr template,# FL-2: Neal Dunn is retiring.,,,
,Eleanor Holmes Norton,,,,retiring,,2026-01-25,wiki_first_seen,,https://en.wikipedia.org/wiki/2026_United_States_House_of_Representatives_elections,,medium,,yes,1,120,0,2026-08-23,2026 United States House of Representatives elections,Retirements > Democratic,not identified,# DC-AL: Eleanor Holmes Norton is retiring.,,,
HOU_GA_11_2026,Barry Loudermilk,,,,retiring,,2026-02-04,wiki_first_seen,,https://en.wikipedia.org/wiki/2026_United_States_House_of_Representatives_election_ratings; https://en.wikipedia.org/wiki/2026_United_States_House_of_Representatives_elections,,medium,,yes,1,127,16,2026-08-23,2026 United States House of Representatives election ratings; 2026 United States House of Representatives elections,Election ratings > Latest published ratings for competitive seats; Retirements > Republican,ushr template,# GA-11: Barry Loudermilk is retiring.,,,
HOU_TX_23_2026,Tony Gonzales,,,,retiring,,2026-03-06,wiki_first_seen,,https://en.wikipedia.org/wiki/2026_United_States_House_of_Representatives_election_ratings; https://en.wikipedia.org/wiki/2026_United_States_House_of_Representatives_elections,,medium,,,1,25,1,2026-04-11,2026 United States House of Representatives election ratings; 2026 United States House of Representatives elections,Election ratings > Latest published ratings for competitive seats; Retirements > Republican,ushr template,# TX-23: Tony Gonzales is retiring.,earlier_generic,"merge — keep this date, take the withdrew type from 2026-03-14",yes
,Stacey Plaskett,,,,seeking_other_office,,2026-04-19,wiki_first_seen,,https://en.wikipedia.org/wiki/2026_United_States_House_of_Representatives_elections,,medium,,yes,4,54,0,2026-08-23,2026 United States House of Representatives elections,Retirements > Democratic,not identified,# VI-AL: Stacey Plaskett is retiring to run for governor of the U.S. Virgin Islands.,,,
HOU_OK_01_2026,Kevin Hern,,,,retiring,,2026-04-20,wiki_first_seen,,https://en.wikipedia.org/wiki/2026_United_States_House_of_Representatives_election_ratings,,medium,,yes,13,61,1,2026-08-23,2026 United States House of Representatives election ratings,Election ratings > Latest published ratings for competitive seats,ushr template,! OK-1 | Kevin | Hern (retiring) | data-sort-value= 60.4 | 60.4% R,generic_duplicate,drop — seeking_other_office on 2026-03-11 says the same thing earlier and with the reason,yes
HOU_TX_09_2026,Al Green,,,,retiring,,2025-09-02,wiki_first_seen,,https://en.wikipedia.org/wiki/2026_United_States_House_of_Representatives_elections,,low,,,1,1,0,2025-09-02,2026 United States House of Representatives elections,Retirements > Democratic,ushr template,# TX-9: Al Green is retiring due to redistricting.,one_day_only,visible for a single day. Usually a reworded entry that left a stale twin behind,yes
HOU_KS_03_2026,Sharice Davids,,,,retiring,,2026-02-07,wiki_first_seen,,https://en.wikipedia.org/wiki/2026_United_States_House_of_Representatives_election_ratings,,low,,,1,1,0,2026-02-07,2026 United States House of Representatives election ratings,Election ratings > Latest published ratings for competitive seats,ushr template,! KS-3 | Sharice | Davids (retiring) | data-sort-value=-53.4 | 53.4% D,one_day_only,visible for a single day. Usually a reworded entry that left a stale twin behind,yes
HOU_TX_23_2026,Tony Gonzales,,,,withdrew,,2026-03-14,wiki_first_seen,,https://en.wikipedia.org/wiki/2026_United_States_House_of_Representatives_elections,,low,,,1,1,0,2026-03-14,2026 United States House of Representatives elections,Incumbents defeated or withdrew > Nomination withdrawn > Republicans,ushr template,"# TX-23: Tony Gonzales was originally set to run in a runoff, but he withdrew.",one_day_only,visible for a single day. Usually a reworded entry that left a stale twin behind,yes
HOU_IA_04_2026,Randy Feenstra,,,,retiring,,2026-08-05,wiki_first_seen,,https://en.wikipedia.org/wiki/2026_United_States_House_of_Representatives_elections,,low,,,2,1,0,2026-08-05,2026 United States House of Representatives elections,Retirements > Republican,ushr template,#IA-4: Randy Feenstra is retiring (previously ran for governor of Iowa).,generic_duplicate; one_day_only,drop — seeking_other_office on 2025-05-12 says the same thing earlier and with the reason,yes
