snapshot_date,source_id,artifact,sha256,bytes,status,fetched_at
2026-08-19,grant_williams,house_forecast,44f03916c598854ca4b2fc3b71bc895286f2bc18ab55b3dfe276542c0f413e49,542010,200,2026-08-19T23:14:20.791315+00:00
2026-08-19,grant_williams,senate_forecast,c3d8c10159a07c22c866ba0610cedcb65798e5c92dcac20c8bd4ec3f8dfdcffd,111210,200,2026-08-19T23:14:21.580884+00:00
2026-08-19,kalshi,markets-HOUSE,50699ea1db13415ea46ec367dcfa58decd9660083271c5dc061561f38337fbac,27,200,2026-08-19T23:14:11.209632+00:00
2026-08-19,kalshi,markets-HOUSEMOV,50699ea1db13415ea46ec367dcfa58decd9660083271c5dc061561f38337fbac,27,200,2026-08-19T23:14:12.205941+00:00
2026-08-19,kalshi,markets-KXACAHOUSEVOTE,50699ea1db13415ea46ec367dcfa58decd9660083271c5dc061561f38337fbac,27,200,2026-08-19T19:05:25.389439+00:00
2026-08-19,kalshi,markets-KXALBANIAPARTY,50699ea1db13415ea46ec367dcfa58decd9660083271c5dc061561f38337fbac,27,200,2026-08-19T19:05:26.377369+00:00
2026-08-19,kalshi,markets-KXCALLIMPEACHRCONGRESS,92408efd41e05ea72a7eba84e742059f4bd2f10e68f7d811c8c30d5c26d59923,8972,200,2026-08-19T19:05:27.414214+00:00
2026-08-19,kalshi,markets-KXCANADAPARTY,50699ea1db13415ea46ec367dcfa58decd9660083271c5dc061561f38337fbac,27,200,2026-08-19T19:05:28.380886+00:00
2026-08-19,kalshi,markets-KXCANRESIGNPARTY,50699ea1db13415ea46ec367dcfa58decd9660083271c5dc061561f38337fbac,27,200,2026-08-19T19:05:29.382215+00:00
2026-08-19,kalshi,markets-KXCAPCONTROL,b80f3586bcf56a972688d571e9ee3a0879dc8e0a3a009af984fb67e13aaedb4c,2311,200,2026-08-19T19:05:30.378444+00:00
2026-08-19,kalshi,markets-KXCHILEPARTY,50699ea1db13415ea46ec367dcfa58decd9660083271c5dc061561f38337fbac,27,200,2026-08-19T19:05:31.380006+00:00
2026-08-19,kalshi,markets-KXCHILESENATE,50699ea1db13415ea46ec367dcfa58decd9660083271c5dc061561f38337fbac,27,200,2026-08-19T19:05:32.410577+00:00
2026-08-19,kalshi,markets-KXCONGRESSCENSUREPADILLA,50699ea1db13415ea46ec367dcfa58decd9660083271c5dc061561f38337fbac,27,200,2026-08-19T19:05:33.385679+00:00
2026-08-19,kalshi,markets-KXCONGRESSEXPELSCHIFF,50699ea1db13415ea46ec367dcfa58decd9660083271c5dc061561f38337fbac,27,200,2026-08-19T19:05:34.385189+00:00
2026-08-19,kalshi,markets-KXCONGRESSPAYINCREASE,b95ed61750171bda42120609d78cfbf3f7b936abfc6dbff5fe762ea9c19d0648,9550,200,2026-08-19T19:05:35.379135+00:00
2026-08-19,kalshi,markets-KXCONGRESSPERSONMEMECOIN,50699ea1db13415ea46ec367dcfa58decd9660083271c5dc061561f38337fbac,27,200,2026-08-19T19:05:36.377461+00:00
2026-08-19,kalshi,markets-KXCONGRESSTARIFF,50699ea1db13415ea46ec367dcfa58decd9660083271c5dc061561f38337fbac,27,200,2026-08-19T19:05:37.453151+00:00
2026-08-19,kalshi,markets-KXCONGRESSTARIFFCOUNT,50699ea1db13415ea46ec367dcfa58decd9660083271c5dc061561f38337fbac,27,200,2026-08-19T19:05:38.386481+00:00
2026-08-19,kalshi,markets-KXCONGRESSTARIFFPASS,50699ea1db13415ea46ec367dcfa58decd9660083271c5dc061561f38337fbac,27,200,2026-08-19T19:05:39.383854+00:00
2026-08-19,kalshi,markets-KXCONGRESSTARIFFVOTE,50699ea1db13415ea46ec367dcfa58decd9660083271c5dc061561f38337fbac,27,200,2026-08-19T19:05:40.379061+00:00
2026-08-19,kalshi,markets-KXCONGRESSTESTIFY,c68828b12b5cc0c43bf72f0cd8dbf75524de17d7abd860936f09a95096a6df5d,31854,200,2026-08-19T19:05:41.379588+00:00
2026-08-19,kalshi,markets-KXCONGRESSTRADES,b5f9fd88bcc0736e7e5d97dc27eecdf6662608d4d190b7879848e0020c9ca899,26799,200,2026-08-19T19:05:42.388203+00:00
2026-08-19,kalshi,markets-KXCZECHPARTY,50699ea1db13415ea46ec367dcfa58decd9660083271c5dc061561f38337fbac,27,200,2026-08-19T19:05:43.381902+00:00
2026-08-19,kalshi,markets-KXGENERICBALLOTVOTEHUB,78544109319efdc0cdb9e3da21e1f40de22cc908cc9eab1512382337b663b96e,15158,200,2026-08-19T23:14:13.217217+00:00
2026-08-19,kalshi,markets-KXGERMANYPARTY,50699ea1db13415ea46ec367dcfa58decd9660083271c5dc061561f38337fbac,27,200,2026-08-19T19:05:45.379622+00:00
2026-08-19,kalshi,markets-KXGHANAPARTY,50699ea1db13415ea46ec367dcfa58decd9660083271c5dc061561f38337fbac,27,200,2026-08-19T19:05:46.382691+00:00
2026-08-19,kalshi,markets-KXGREENLANDPARTY,50699ea1db13415ea46ec367dcfa58decd9660083271c5dc061561f38337fbac,27,200,2026-08-19T19:05:47.381819+00:00
2026-08-19,kalshi,markets-KXHOUSE,50699ea1db13415ea46ec367dcfa58decd9660083271c5dc061561f38337fbac,27,200,2026-08-19T23:14:14.218438+00:00
2026-08-19,kalshi,markets-KXHOUSEBILL,50699ea1db13415ea46ec367dcfa58decd9660083271c5dc061561f38337fbac,27,200,2026-08-19T19:05:49.386482+00:00
2026-08-19,kalshi,markets-KXHOUSEBILLS,50699ea1db13415ea46ec367dcfa58decd9660083271c5dc061561f38337fbac,27,200,2026-08-19T19:05:50.381498+00:00
2026-08-19,kalshi,markets-KXHOUSEEPSTEIN,50699ea1db13415ea46ec367dcfa58decd9660083271c5dc061561f38337fbac,27,200,2026-08-19T19:05:51.379552+00:00
2026-08-19,kalshi,markets-KXHOUSEEPSTEIN2,50699ea1db13415ea46ec367dcfa58decd9660083271c5dc061561f38337fbac,27,200,2026-08-19T19:05:52.379480+00:00
2026-08-19,kalshi,markets-KXHOUSEETHICS,50699ea1db13415ea46ec367dcfa58decd9660083271c5dc061561f38337fbac,27,200,2026-08-19T19:05:53.380437+00:00
2026-08-19,kalshi,markets-KXHOUSEGOVTFUND,50699ea1db13415ea46ec367dcfa58decd9660083271c5dc061561f38337fbac,27,200,2026-08-19T19:05:54.379504+00:00
2026-08-19,kalshi,markets-KXHOUSEMINORITY,50699ea1db13415ea46ec367dcfa58decd9660083271c5dc061561f38337fbac,27,200,2026-08-19T23:14:15.232465+00:00
2026-08-19,kalshi,markets-KXHOUSERUSSIASANCTION,e991e92cf06b28b245adb3fb25289c4833f752db01603e8c397278cc3b799b11,22886,200,2026-08-19T19:05:56.380188+00:00
2026-08-19,kalshi,markets-KXIRELANDPARTY,50699ea1db13415ea46ec367dcfa58decd9660083271c5dc061561f38337fbac,27,200,2026-08-19T19:05:57.386148+00:00
2026-08-19,kalshi,markets-KXLEAVECONGRESS,2c65d107f309aa15bddc2776132ded81144a47c103d81878e2fb677bd8c8244d,7773,200,2026-08-19T19:05:58.387526+00:00
2026-08-19,kalshi,markets-KXLEAVEHOUSE,ca8afb3af6ff5b2a028a7f12167d5285eff191250654be208feadaf7eb375354,24496,200,2026-08-19T19:05:59.383293+00:00
2026-08-19,kalshi,markets-KXLEAVEHOUSECOMBO,29b9d28cf95dc16108cf9d60064c0929522b2c7473222029afb8178b7fdd0fc0,3782,200,2026-08-19T19:06:00.389205+00:00
2026-08-19,kalshi,markets-KXMAYORNYCPARTY,50699ea1db13415ea46ec367dcfa58decd9660083271c5dc061561f38337fbac,27,200,2026-08-19T19:06:01.386986+00:00
2026-08-19,kalshi,markets-KXNEWPARTYMUSK,50699ea1db13415ea46ec367dcfa58decd9660083271c5dc061561f38337fbac,27,200,2026-08-19T19:06:02.385972+00:00
2026-08-19,kalshi,markets-KXNORWAYPARTY,50699ea1db13415ea46ec367dcfa58decd9660083271c5dc061561f38337fbac,27,200,2026-08-19T19:06:03.383184+00:00
2026-08-19,kalshi,markets-KXONTPARTY,50699ea1db13415ea46ec367dcfa58decd9660083271c5dc061561f38337fbac,27,200,2026-08-19T19:06:04.385320+00:00
2026-08-19,kalshi,markets-KXPARTYLEADEROUT,50699ea1db13415ea46ec367dcfa58decd9660083271c5dc061561f38337fbac,27,200,2026-08-19T19:06:05.388350+00:00
2026-08-19,kalshi,markets-KXPARTYLEAVE,2ba33b27f87ce2b3a78db19aff97bfbeaac3863edda8fd43621c86237c84b369,2257,200,2026-08-19T19:06:06.380866+00:00
2026-08-19,kalshi,markets-KXPARTYSUPPORTMUSKD,50699ea1db13415ea46ec367dcfa58decd9660083271c5dc061561f38337fbac,27,200,2026-08-19T19:06:07.387234+00:00
2026-08-19,kalshi,markets-KXPENNYCONGRESS,50699ea1db13415ea46ec367dcfa58decd9660083271c5dc061561f38337fbac,27,200,2026-08-19T19:06:08.386613+00:00
2026-08-19,kalshi,markets-KXPORTUGALPARTY,50699ea1db13415ea46ec367dcfa58decd9660083271c5dc061561f38337fbac,27,200,2026-08-19T19:06:09.382427+00:00
2026-08-19,kalshi,markets-KXROMANIAPARTY,50699ea1db13415ea46ec367dcfa58decd9660083271c5dc061561f38337fbac,27,200,2026-08-19T19:06:10.387699+00:00
2026-08-19,kalshi,markets-KXSENATE,50699ea1db13415ea46ec367dcfa58decd9660083271c5dc061561f38337fbac,27,200,2026-08-19T23:14:16.229159+00:00
2026-08-19,kalshi,markets-KXSENATEACAEXT,50699ea1db13415ea46ec367dcfa58decd9660083271c5dc061561f38337fbac,27,200,2026-08-19T19:06:12.385869+00:00
2026-08-19,kalshi,markets-KXSENATEADJOURN,f8375fee5a086fac080145a63fd440d434eb15c89f8ea3e59d41f888b446eb5d,10795,200,2026-08-19T19:06:13.387422+00:00
2026-08-19,kalshi,markets-KXSENATEBILL,50699ea1db13415ea46ec367dcfa58decd9660083271c5dc061561f38337fbac,27,200,2026-08-19T19:06:14.385939+00:00
2026-08-19,kalshi,markets-KXSENATEBILLS,50699ea1db13415ea46ec367dcfa58decd9660083271c5dc061561f38337fbac,27,200,2026-08-19T19:06:15.392546+00:00
2026-08-19,kalshi,markets-KXSENATEBUDGETRES,50699ea1db13415ea46ec367dcfa58decd9660083271c5dc061561f38337fbac,27,200,2026-08-19T19:06:16.386732+00:00
2026-08-19,kalshi,markets-KXSENATECONFIRM,810ed156b0b4fc81b0aa9cef1a44e8ced7ffda59e18ffd3fdf710d6ca2b39256,10820,200,2026-08-19T19:06:17.390281+00:00
2026-08-19,kalshi,markets-KXSENATEEPSTEIN,50699ea1db13415ea46ec367dcfa58decd9660083271c5dc061561f38337fbac,27,200,2026-08-19T19:06:18.388380+00:00
2026-08-19,kalshi,markets-KXSENATEEPSTEINH,50699ea1db13415ea46ec367dcfa58decd9660083271c5dc061561f38337fbac,27,200,2026-08-19T19:06:19.389654+00:00
2026-08-19,kalshi,markets-KXSENATELAWSUIT,50699ea1db13415ea46ec367dcfa58decd9660083271c5dc061561f38337fbac,27,200,2026-08-19T19:06:20.384198+00:00
2026-08-19,kalshi,markets-KXSENATEREC,7e5fde435c2c6caf31b513717ff91c7414b414940e452f4cbe5b5e08de7b9ea0,12010,200,2026-08-19T19:06:21.386009+00:00
2026-08-19,kalshi,markets-KXSENATERUN,50699ea1db13415ea46ec367dcfa58decd9660083271c5dc061561f38337fbac,27,200,2026-08-19T23:14:17.231827+00:00
2026-08-19,kalshi,markets-KXSENATETARIFF,50699ea1db13415ea46ec367dcfa58decd9660083271c5dc061561f38337fbac,27,200,2026-08-19T19:06:23.453812+00:00
2026-08-19,kalshi,markets-KXSENATETARIFFCOUNT,b7f44ab89d4739395a25f9f1c42bfa1f1e3c1e29e119cc779825667495e97fb2,29674,200,2026-08-19T19:06:24.387576+00:00
2026-08-19,kalshi,markets-KXSENATETARIFFVOTE,50699ea1db13415ea46ec367dcfa58decd9660083271c5dc061561f38337fbac,27,200,2026-08-19T19:06:25.390843+00:00
2026-08-19,kalshi,markets-KXSTATEMENTCOUNTRCONGRESSIS,50699ea1db13415ea46ec367dcfa58decd9660083271c5dc061561f38337fbac,27,200,2026-08-19T19:06:26.386114+00:00
2026-08-19,kalshi,markets-KXSTOCKBANHOUSE,f3632eeae2a40ba27b015e929daa4f93942aeea632de75a953c99874b5148a53,4168,200,2026-08-19T19:06:27.392590+00:00
2026-08-19,kalshi,markets-KXSUMMERHOUSEATTEND,50699ea1db13415ea46ec367dcfa58decd9660083271c5dc061561f38337fbac,27,200,2026-08-19T19:06:28.389883+00:00
2026-08-19,kalshi,markets-KXSUPERBOWLWHITEHOUSE,524c5c8d45b44d87fcf98b8e8569ae29274de6bee7774b84cd9fc29048371dd8,2636,200,2026-08-19T19:06:29.387588+00:00
2026-08-19,kalshi,markets-KXSUPPORTPARTYMUSKD,50699ea1db13415ea46ec367dcfa58decd9660083271c5dc061561f38337fbac,27,200,2026-08-19T19:06:30.389825+00:00
2026-08-19,kalshi,markets-KXTARIFFSENATE,50699ea1db13415ea46ec367dcfa58decd9660083271c5dc061561f38337fbac,27,200,2026-08-19T19:06:31.386057+00:00
2026-08-19,kalshi,markets-KXTUCKERTHIRDPARTY,b25286f0b740ece3c8a5ae7854f9b3a3d7b614be3aeaad1dedb39a719ec9a63f,2228,200,2026-08-19T19:06:32.394023+00:00
2026-08-19,kalshi,markets-KXTXHOUSEDEM,50699ea1db13415ea46ec367dcfa58decd9660083271c5dc061561f38337fbac,27,200,2026-08-19T19:06:33.388454+00:00
2026-08-19,kalshi,markets-KXUKPARTYPOLLS,50699ea1db13415ea46ec367dcfa58decd9660083271c5dc061561f38337fbac,27,200,2026-08-19T19:06:34.394151+00:00
2026-08-19,kalshi,markets-PRESPARTYAK,50699ea1db13415ea46ec367dcfa58decd9660083271c5dc061561f38337fbac,27,200,2026-08-19T19:06:35.392644+00:00
2026-08-19,kalshi,markets-PRESPARTYAL,50699ea1db13415ea46ec367dcfa58decd9660083271c5dc061561f38337fbac,27,200,2026-08-19T19:06:36.389483+00:00
2026-08-19,kalshi,markets-PRESPARTYAR,50699ea1db13415ea46ec367dcfa58decd9660083271c5dc061561f38337fbac,27,200,2026-08-19T19:06:37.400688+00:00
2026-08-19,kalshi,markets-PRESPARTYAZ,50699ea1db13415ea46ec367dcfa58decd9660083271c5dc061561f38337fbac,27,200,2026-08-19T19:06:38.391597+00:00
2026-08-19,kalshi,markets-PRESPARTYCA,50699ea1db13415ea46ec367dcfa58decd9660083271c5dc061561f38337fbac,27,200,2026-08-19T19:06:39.398691+00:00
2026-08-19,kalshi,markets-PRESPARTYCO,50699ea1db13415ea46ec367dcfa58decd9660083271c5dc061561f38337fbac,27,200,2026-08-19T19:06:40.412998+00:00
2026-08-19,kalshi,markets-PRESPARTYCT,50699ea1db13415ea46ec367dcfa58decd9660083271c5dc061561f38337fbac,27,200,2026-08-19T19:06:41.390533+00:00
2026-08-19,kalshi,markets-PRESPARTYDC,50699ea1db13415ea46ec367dcfa58decd9660083271c5dc061561f38337fbac,27,200,2026-08-19T19:06:42.392050+00:00
2026-08-19,kalshi,markets-PRESPARTYDE,50699ea1db13415ea46ec367dcfa58decd9660083271c5dc061561f38337fbac,27,200,2026-08-19T19:06:43.396184+00:00
2026-08-19,kalshi,markets-PRESPARTYFL,50699ea1db13415ea46ec367dcfa58decd9660083271c5dc061561f38337fbac,27,200,2026-08-19T19:06:44.394651+00:00
2026-08-19,kalshi,markets-PRESPARTYFULL,50699ea1db13415ea46ec367dcfa58decd9660083271c5dc061561f38337fbac,27,200,2026-08-19T19:06:45.390634+00:00
2026-08-19,kalshi,markets-PRESPARTYGA,50699ea1db13415ea46ec367dcfa58decd9660083271c5dc061561f38337fbac,27,200,2026-08-19T19:06:46.390819+00:00
2026-08-19,kalshi,markets-PRESPARTYHI,50699ea1db13415ea46ec367dcfa58decd9660083271c5dc061561f38337fbac,27,200,2026-08-19T19:06:47.389382+00:00
2026-08-19,kalshi,markets-PRESPARTYIA,50699ea1db13415ea46ec367dcfa58decd9660083271c5dc061561f38337fbac,27,200,2026-08-19T19:06:48.394128+00:00
2026-08-19,kalshi,markets-PRESPARTYID,50699ea1db13415ea46ec367dcfa58decd9660083271c5dc061561f38337fbac,27,200,2026-08-19T19:06:49.391615+00:00
2026-08-19,kalshi,markets-PRESPARTYIL,50699ea1db13415ea46ec367dcfa58decd9660083271c5dc061561f38337fbac,27,200,2026-08-19T19:06:50.391915+00:00
2026-08-19,kalshi,markets-PRESPARTYIN,50699ea1db13415ea46ec367dcfa58decd9660083271c5dc061561f38337fbac,27,200,2026-08-19T19:06:51.394346+00:00
2026-08-19,kalshi,markets-PRESPARTYKS,50699ea1db13415ea46ec367dcfa58decd9660083271c5dc061561f38337fbac,27,200,2026-08-19T19:06:52.395347+00:00
2026-08-19,kalshi,markets-PRESPARTYKY,50699ea1db13415ea46ec367dcfa58decd9660083271c5dc061561f38337fbac,27,200,2026-08-19T19:06:53.395662+00:00
2026-08-19,kalshi,markets-PRESPARTYLA,50699ea1db13415ea46ec367dcfa58decd9660083271c5dc061561f38337fbac,27,200,2026-08-19T19:06:54.399797+00:00
2026-08-19,kalshi,markets-PRESPARTYMA,50699ea1db13415ea46ec367dcfa58decd9660083271c5dc061561f38337fbac,27,200,2026-08-19T19:06:55.398786+00:00
2026-08-19,kalshi,markets-PRESPARTYMD,50699ea1db13415ea46ec367dcfa58decd9660083271c5dc061561f38337fbac,27,200,2026-08-19T19:06:56.394283+00:00
2026-08-19,kalshi,markets-PRESPARTYME,50699ea1db13415ea46ec367dcfa58decd9660083271c5dc061561f38337fbac,27,200,2026-08-19T19:06:57.394744+00:00
2026-08-19,kalshi,markets-PRESPARTYME1,50699ea1db13415ea46ec367dcfa58decd9660083271c5dc061561f38337fbac,27,200,2026-08-19T19:06:58.394143+00:00
2026-08-19,kalshi,markets-PRESPARTYME2,50699ea1db13415ea46ec367dcfa58decd9660083271c5dc061561f38337fbac,27,200,2026-08-19T19:06:59.394107+00:00
2026-08-19,kalshi,markets-PRESPARTYMI,50699ea1db13415ea46ec367dcfa58decd9660083271c5dc061561f38337fbac,27,200,2026-08-19T19:07:00.396076+00:00
2026-08-19,kalshi,markets-PRESPARTYMN,50699ea1db13415ea46ec367dcfa58decd9660083271c5dc061561f38337fbac,27,200,2026-08-19T19:07:01.395821+00:00
2026-08-19,kalshi,markets-PRESPARTYMO,50699ea1db13415ea46ec367dcfa58decd9660083271c5dc061561f38337fbac,27,200,2026-08-19T19:07:02.394243+00:00
2026-08-19,kalshi,markets-PRESPARTYMS,50699ea1db13415ea46ec367dcfa58decd9660083271c5dc061561f38337fbac,27,200,2026-08-19T19:07:03.404007+00:00
2026-08-19,kalshi,markets-PRESPARTYMT,50699ea1db13415ea46ec367dcfa58decd9660083271c5dc061561f38337fbac,27,200,2026-08-19T19:07:04.394766+00:00
2026-08-19,kalshi,markets-PRESPARTYNC,50699ea1db13415ea46ec367dcfa58decd9660083271c5dc061561f38337fbac,27,200,2026-08-19T19:07:05.392638+00:00
2026-08-19,kalshi,markets-PRESPARTYND,50699ea1db13415ea46ec367dcfa58decd9660083271c5dc061561f38337fbac,27,200,2026-08-19T19:07:06.401283+00:00
2026-08-19,kalshi,markets-PRESPARTYNE,50699ea1db13415ea46ec367dcfa58decd9660083271c5dc061561f38337fbac,27,200,2026-08-19T19:07:07.392999+00:00
2026-08-19,kalshi,markets-PRESPARTYNE1,50699ea1db13415ea46ec367dcfa58decd9660083271c5dc061561f38337fbac,27,200,2026-08-19T19:07:08.394008+00:00
2026-08-19,kalshi,markets-PRESPARTYNE2,50699ea1db13415ea46ec367dcfa58decd9660083271c5dc061561f38337fbac,27,200,2026-08-19T19:07:09.398692+00:00
2026-08-19,kalshi,markets-PRESPARTYNE3,50699ea1db13415ea46ec367dcfa58decd9660083271c5dc061561f38337fbac,27,200,2026-08-19T19:07:10.405057+00:00
2026-08-19,kalshi,markets-PRESPARTYNH,50699ea1db13415ea46ec367dcfa58decd9660083271c5dc061561f38337fbac,27,200,2026-08-19T19:07:11.399389+00:00
2026-08-19,kalshi,markets-PRESPARTYNJ,50699ea1db13415ea46ec367dcfa58decd9660083271c5dc061561f38337fbac,27,200,2026-08-19T19:07:12.394760+00:00
2026-08-19,kalshi,markets-PRESPARTYNM,50699ea1db13415ea46ec367dcfa58decd9660083271c5dc061561f38337fbac,27,200,2026-08-19T19:07:13.398753+00:00
2026-08-19,kalshi,markets-PRESPARTYNV,50699ea1db13415ea46ec367dcfa58decd9660083271c5dc061561f38337fbac,27,200,2026-08-19T19:07:14.395386+00:00
2026-08-19,kalshi,markets-PRESPARTYNY,50699ea1db13415ea46ec367dcfa58decd9660083271c5dc061561f38337fbac,27,200,2026-08-19T19:07:15.392025+00:00
2026-08-19,kalshi,markets-PRESPARTYOH,50699ea1db13415ea46ec367dcfa58decd9660083271c5dc061561f38337fbac,27,200,2026-08-19T19:07:16.401238+00:00
2026-08-19,kalshi,markets-PRESPARTYOK,50699ea1db13415ea46ec367dcfa58decd9660083271c5dc061561f38337fbac,27,200,2026-08-19T19:07:17.392694+00:00
2026-08-19,kalshi,markets-PRESPARTYOR,50699ea1db13415ea46ec367dcfa58decd9660083271c5dc061561f38337fbac,27,200,2026-08-19T19:07:18.399304+00:00
2026-08-19,kalshi,markets-PRESPARTYPA,50699ea1db13415ea46ec367dcfa58decd9660083271c5dc061561f38337fbac,27,200,2026-08-19T19:07:19.395837+00:00
2026-08-19,kalshi,markets-PRESPARTYRI,50699ea1db13415ea46ec367dcfa58decd9660083271c5dc061561f38337fbac,27,200,2026-08-19T19:07:20.400814+00:00
2026-08-19,kalshi,markets-PRESPARTYSC,50699ea1db13415ea46ec367dcfa58decd9660083271c5dc061561f38337fbac,27,200,2026-08-19T19:07:21.393624+00:00
2026-08-19,kalshi,markets-PRESPARTYSD,50699ea1db13415ea46ec367dcfa58decd9660083271c5dc061561f38337fbac,27,200,2026-08-19T19:07:22.394052+00:00
2026-08-19,kalshi,markets-PRESPARTYSTATE-AZ,50699ea1db13415ea46ec367dcfa58decd9660083271c5dc061561f38337fbac,27,200,2026-08-19T19:07:23.398846+00:00
2026-08-19,kalshi,markets-PRESPARTYSTATE-GA,50699ea1db13415ea46ec367dcfa58decd9660083271c5dc061561f38337fbac,27,200,2026-08-19T19:07:24.406764+00:00
2026-08-19,kalshi,markets-PRESPARTYSTATE-MI,50699ea1db13415ea46ec367dcfa58decd9660083271c5dc061561f38337fbac,27,200,2026-08-19T19:07:25.393459+00:00
2026-08-19,kalshi,markets-PRESPARTYSTATE-NC,50699ea1db13415ea46ec367dcfa58decd9660083271c5dc061561f38337fbac,27,200,2026-08-19T19:07:26.395330+00:00
2026-08-19,kalshi,markets-PRESPARTYSTATE-NV,50699ea1db13415ea46ec367dcfa58decd9660083271c5dc061561f38337fbac,27,200,2026-08-19T19:07:27.392306+00:00
2026-08-19,kalshi,markets-PRESPARTYSTATE-PA,50699ea1db13415ea46ec367dcfa58decd9660083271c5dc061561f38337fbac,27,200,2026-08-19T19:07:28.397573+00:00
2026-08-19,kalshi,markets-PRESPARTYTN,50699ea1db13415ea46ec367dcfa58decd9660083271c5dc061561f38337fbac,27,200,2026-08-19T19:07:29.403969+00:00
2026-08-19,kalshi,markets-PRESPARTYTX,50699ea1db13415ea46ec367dcfa58decd9660083271c5dc061561f38337fbac,27,200,2026-08-19T19:07:30.400221+00:00
2026-08-19,kalshi,markets-PRESPARTYUT,50699ea1db13415ea46ec367dcfa58decd9660083271c5dc061561f38337fbac,27,200,2026-08-19T19:07:31.394490+00:00
2026-08-19,kalshi,markets-PRESPARTYVA,50699ea1db13415ea46ec367dcfa58decd9660083271c5dc061561f38337fbac,27,200,2026-08-19T19:07:32.394803+00:00
2026-08-19,kalshi,markets-PRESPARTYVT,50699ea1db13415ea46ec367dcfa58decd9660083271c5dc061561f38337fbac,27,200,2026-08-19T19:07:33.401218+00:00
2026-08-19,kalshi,markets-PRESPARTYWA,50699ea1db13415ea46ec367dcfa58decd9660083271c5dc061561f38337fbac,27,200,2026-08-19T19:07:34.399905+00:00
2026-08-19,kalshi,markets-PRESPARTYWI,50699ea1db13415ea46ec367dcfa58decd9660083271c5dc061561f38337fbac,27,200,2026-08-19T19:07:35.401212+00:00
2026-08-19,kalshi,markets-PRESPARTYWV,50699ea1db13415ea46ec367dcfa58decd9660083271c5dc061561f38337fbac,27,200,2026-08-19T19:07:36.395123+00:00
2026-08-19,kalshi,markets-PRESPARTYWY,50699ea1db13415ea46ec367dcfa58decd9660083271c5dc061561f38337fbac,27,200,2026-08-19T19:07:37.395812+00:00
2026-08-19,kalshi,markets-SENATE,50699ea1db13415ea46ec367dcfa58decd9660083271c5dc061561f38337fbac,27,200,2026-08-19T23:14:18.235051+00:00
2026-08-19,kalshi,markets-SENATEMOV,50699ea1db13415ea46ec367dcfa58decd9660083271c5dc061561f38337fbac,27,200,2026-08-19T23:14:19.288344+00:00
2026-08-19,kalshi,series-page-00,e0de83f23d14e7c54dd36b79622538fa65724456769f6b652d3a9fb8f1c4c87a,2742299,200,2026-08-19T23:14:10.471916+00:00
2026-08-19,polymarket,event-balance-of-power-2026-midterms,ff088e1dec4821c5cb9b64aa8c5aecf9852ff22adb26ea2a06fd77f4bff34655,41487,200,2026-08-19T23:14:19.357331+00:00
2026-08-19,polymarket,search-2026-midterm,d678b90e3c4b826351a818670732eda94e5ad1882b793c934254d7eb78667026,4745412,200,2026-08-19T19:07:40.447769+00:00
2026-08-19,polymarket,search-House-2026,d678b90e3c4b826351a818670732eda94e5ad1882b793c934254d7eb78667026,4745412,200,2026-08-19T19:07:42.449422+00:00
2026-08-19,polymarket,search-Senate-2026,d678b90e3c4b826351a818670732eda94e5ad1882b793c934254d7eb78667026,4745412,200,2026-08-19T19:07:41.465546+00:00
2026-08-19,race_to_the_wh,house,defcec11351f0ae763cd9df84454e5745d29935610578729fef089e7e95380c1,188200,200,2026-08-19T23:14:28.347176+00:00
2026-08-19,race_to_the_wh,senate,1542c348a43b612cb41bd2202e55123774c0b1ef38c00dc352ca8ef1b8169688,243786,200,2026-08-19T23:14:27.334132+00:00
2026-08-19,wikipedia,current-2026-United-States-House-of-Representatives-election-ratings,24ffaf2eb342157b72eb8913d4de79c5d2c9d457ec338cb5df913b113fee013f,92609,200,2026-08-19T23:14:23.936166+00:00
2026-08-19,wikipedia,current-2026-United-States-Senate-elections,21e24c2d260c45ac5b8a8ff1b0a1495b8179e1743c600cdab12e002cca8eeb3e,258672,200,2026-08-19T23:14:25.109177+00:00
2026-08-19,wikipedia,current-2026-United-States-gubernatorial-elections,1d80441eb5366b3fcb4845b5ee627afd0244b7d5502387cc3e96975c70f4b4fc,218067,200,2026-08-19T23:14:25.913170+00:00
2026-08-19,cook_pvi,manual,3b0a1c4035a703d8892426d1e23816266b6bd057ed59c77d0c15af9cb34516c0,79417,200,2026-08-19T18:42:21.092204+00:00
2026-08-19,polymarket,active-events,eda375a09c2c4ac5021268467b822fe637525e15937dab9147544123374aecfc,4708295,200,2026-08-19T23:14:20.447464+00:00
2026-08-19,wikipedia,current-2026-United-States-House-of-Representatives-elections,08aa488f03c7cc7b78e13256e6504192f1180601882051f90835b4ccda8b1cc1,371548,200,2026-08-19T23:14:27.082003+00:00
2026-08-19,medsl,president_state_2024,d3170796305a9ee576d6362fbfdd9c4ffdf888566361b4b95f4d5e9d019a6348,75635,200,2026-08-19T23:14:22.494563+00:00
2026-08-19,medsl,senate_state_2024,e50fbfc62a095b9fe0d5178b7c09176b5cb8b7d320e08dd31e54987b9e3fcd76,18828,200,2026-08-19T23:14:23.412424+00:00
2026-08-19,silver_bulletin,generic_ballot_polls,2cfddaa140cffb7f17ed94fcbf910974485290e0abf1ffba1adc0ad4ea99c5ea,150582,200,2026-08-19T23:14:22.258005+00:00
2026-08-19,cook_state_pvi,manual,f3630662cbd0f847d30cad1375b909a577db233f287bac52c95011d12090ce9c,4115,200,2026-08-19T22:52:52.408147+00:00
2026-08-19,medsl,president_state_1976_2024,9936410a6dd4ecc8be7fe202c6dff5b5f8fee59d88f35ab542ed12879941dcb7,514108,200,2026-08-19T23:09:40.624178+00:00
2026-08-19,race_to_the_wh,infogram_house,1d4c0f43c1d7602818ec0e15c7ee3643437bcc2e33301a20c6619ac00ab87cb0,292347,200,2026-08-19T23:14:30.011067+00:00
2026-08-19,race_to_the_wh,infogram_house_alt,fb05f9f0513229cdab530f461e082c7d431cf44dcde80cabc99de9f7bc09b38c,630483,200,2026-08-19T23:14:30.827952+00:00
2026-08-19,race_to_the_wh,infogram_senate,aacbcc0b27acadcb7d029459c3e048ebe22066fa4c4da81c4da4e1e2966ccf35,636542,200,2026-08-19T23:14:28.816724+00:00
2026-08-20,grant_williams,house_forecast,44f03916c598854ca4b2fc3b71bc895286f2bc18ab55b3dfe276542c0f413e49,542010,200,2026-08-20T00:06:34.838031+00:00
2026-08-20,grant_williams,senate_forecast,c3d8c10159a07c22c866ba0610cedcb65798e5c92dcac20c8bd4ec3f8dfdcffd,111210,200,2026-08-20T00:06:35.778991+00:00
2026-08-20,kalshi,markets-HOUSE,50699ea1db13415ea46ec367dcfa58decd9660083271c5dc061561f38337fbac,27,200,2026-08-20T00:06:25.455794+00:00
2026-08-20,kalshi,markets-HOUSEMOV,50699ea1db13415ea46ec367dcfa58decd9660083271c5dc061561f38337fbac,27,200,2026-08-20T00:06:26.450015+00:00
2026-08-20,kalshi,markets-KXGENERICBALLOTVOTEHUB,a6a7ab03786a81200c1571d8b9c70fba1fc36184898e1a8ff5ae2ce96fa038d2,15159,200,2026-08-20T00:06:27.461178+00:00
2026-08-20,kalshi,markets-KXHOUSE,50699ea1db13415ea46ec367dcfa58decd9660083271c5dc061561f38337fbac,27,200,2026-08-20T00:06:28.461890+00:00
2026-08-20,kalshi,markets-KXHOUSEMINORITY,50699ea1db13415ea46ec367dcfa58decd9660083271c5dc061561f38337fbac,27,200,2026-08-20T00:06:29.469883+00:00
2026-08-20,kalshi,markets-KXSENATE,50699ea1db13415ea46ec367dcfa58decd9660083271c5dc061561f38337fbac,27,200,2026-08-20T00:06:30.462977+00:00
2026-08-20,kalshi,markets-KXSENATERUN,50699ea1db13415ea46ec367dcfa58decd9660083271c5dc061561f38337fbac,27,200,2026-08-20T00:06:31.464207+00:00
2026-08-20,kalshi,markets-SENATE,50699ea1db13415ea46ec367dcfa58decd9660083271c5dc061561f38337fbac,27,200,2026-08-20T00:06:32.472954+00:00
2026-08-20,kalshi,markets-SENATEMOV,50699ea1db13415ea46ec367dcfa58decd9660083271c5dc061561f38337fbac,27,200,2026-08-20T00:06:33.475609+00:00
2026-08-20,kalshi,series-page-00,c839fec74a92214965159974ff9936f931af70445f671e34d7a57befdc909175,2742299,200,2026-08-20T00:06:24.689984+00:00
2026-08-20,medsl,president_state_2024,d3170796305a9ee576d6362fbfdd9c4ffdf888566361b4b95f4d5e9d019a6348,75635,200,2026-08-20T00:06:36.421568+00:00
2026-08-20,medsl,senate_state_2024,e50fbfc62a095b9fe0d5178b7c09176b5cb8b7d320e08dd31e54987b9e3fcd76,18828,200,2026-08-20T00:06:37.405400+00:00
2026-08-20,polymarket,active-events,ed3b22a386a4bec6b769653fe37fdd9414c8c1ac9106a023e32e9c1e16de35c2,4708111,200,2026-08-20T00:06:34.652520+00:00
2026-08-20,polymarket,event-balance-of-power-2026-midterms,1353447aad2131f2b12fa01dc575db96d9c7a989b57af05eaabc3d808e01196f,41563,200,2026-08-20T00:06:33.542171+00:00
2026-08-20,race_to_the_wh,house,defcec11351f0ae763cd9df84454e5745d29935610578729fef089e7e95380c1,188200,200,2026-08-20T00:06:42.038048+00:00
2026-08-20,race_to_the_wh,infogram_house,314f575600b81a8e3dcb1118f1dfd185bb36d9f73218ab2f695877f00fad3d2f,292347,200,2026-08-20T00:06:43.541034+00:00
2026-08-20,race_to_the_wh,infogram_house_alt,d3b0c217a7f5eec462ca8d3efae6a0dedeee9f508d974b6c5f29a9dcb83d8e1b,630483,200,2026-08-20T00:06:44.575218+00:00
2026-08-20,race_to_the_wh,infogram_senate,d63bacb5e836c4230819f2e13f06288e694c7564576dafe8110f1259380550f9,636542,200,2026-08-20T00:06:42.524816+00:00
2026-08-20,race_to_the_wh,live__2026-House---AlaskaMaps__9e509601,9717c07c8fd4780b076a7b0f1aaaedf7907f0f40770e9b7e0948b53e9e109460,1518,200,2026-08-20T00:06:45.083154+00:00
2026-08-20,race_to_the_wh,live__2026-House---Hawaii-Maps__d1578d50,95e45f4aabead16d2c94cfead35401bd75827cba42f22308939eeb23ede0851d,3574,200,2026-08-20T00:06:45.742878+00:00
2026-08-20,race_to_the_wh,live__2026-House---Incumbent-Text__6d1aa0f0,abc4384ea27c6c3d93a0d1988bc4b756ba07af9ab374f7dc715bb9db1b96882c,55836,200,2026-08-20T00:06:46.963100+00:00
2026-08-20,race_to_the_wh,live__2026-House---Main-Graphics__4d4c52a9,ac216bcbd535ba27c23edfdc2c0342bc6e98daef6c93fbcff2e48fdec253dee0,40249,200,2026-08-20T00:06:47.966422+00:00
2026-08-20,race_to_the_wh,live__2026-House---National-Maps__5c199ccb,9dc1577de5d6996ca083868c338a33b24cd0b761a0be60bfe9f05279d1f8b76a,247521,200,2026-08-20T00:06:49.198562+00:00
2026-08-20,race_to_the_wh,live__2026-House---Projection-Trend-for-Each-Race__17871ab4,f8cce9c890941a1c3ec52e1863ddd888fd71ab847be9e276c9260070913ec9c4,1343084,200,2026-08-20T00:06:50.024425+00:00
2026-08-20,race_to_the_wh,live__2026-House---Race-Rating__d6524bc4,8e8d1c58e21b1109a51b98aae80cb96989e894c44d9ead7e152535bd8f6b40c7,48489,200,2026-08-20T00:06:51.043485+00:00
2026-08-20,race_to_the_wh,live__2026-House---Seat-Bar__05fcb31f,863b659504b61ef08659f12186761ea1d48b897fa3d492ac90c4f85e88636b01,488,200,2026-08-20T00:06:51.761242+00:00
2026-08-20,race_to_the_wh,live__2026-House---Table-Summarizing-Lean-Last-Election-Polling__83bc8f1f,b9e0010fba461802fa70b7c56eca162ee82c919ca133d1885cc7595ee680b6d9,70586,200,2026-08-20T00:06:52.964472+00:00
2026-08-20,race_to_the_wh,live__2026-House---Win-Trend-for-Each-Race__2f9eb80c,d6678b59d19e5606419454cc9b0aa14d64e9e8ee4b885f733ed1830c419d0085,1130871,200,2026-08-20T00:06:54.417755+00:00
2026-08-20,race_to_the_wh,live__26-Gov-Box---Names__e7d5dacb,0e678f36830e683748ae817b60eabc380e0f218572f5a4b7c3fba0e9f3c2a123,511,200,2026-08-20T00:06:54.782828+00:00
2026-08-20,race_to_the_wh,live__26-Gov-Box---Rank-10__3061ed66,3a85d395caf07c5c820d4318a9cc908ce816249c3a322f2cd3d6009f4598099c,541,200,2026-08-20T00:06:56.775972+00:00
2026-08-20,race_to_the_wh,live__26-Gov-Box---Rank-11__6261c1da,3f3bc3b6aac930a3a37a81dd47a33bff4ed14d29ea3c1dea505b6a84f9677b6c,544,200,2026-08-20T00:06:57.782942+00:00
2026-08-20,race_to_the_wh,live__26-Gov-Box---Rank-12__58ab747c,410a864abd19bc25c91d87e7f08540cde868376122774dcfe408ef0424b46b96,548,200,2026-08-20T00:06:58.784603+00:00
2026-08-20,race_to_the_wh,live__26-Gov-Box---Rank-1__9f69fd07,fc2b8e436f392b4cc5a188c3348e14be639914bf29a2ac0d5f466b047c26b8d7,528,200,2026-08-20T00:06:55.775907+00:00
2026-08-20,race_to_the_wh,live__26-Gov-Box---Rank-2__c91218a6,8c1caf87d657bf01f16c2222ee75d10082458e050e7ad3b94a8e4cae423f9ca3,528,200,2026-08-20T00:07:04.277904+00:00
2026-08-20,race_to_the_wh,live__26-Gov-Box---Rank-3__d2780b7c,21d9a8bb3dc6bbffee091932ef585daeddc47c28e704646574ce4624e1ae0381,534,200,2026-08-20T00:07:04.435998+00:00
2026-08-20,race_to_the_wh,live__26-Gov-Box---Rank-4__2b72262f,0098b95fdfed3beb137da97533ed3f47c10cc2fc2d1a22971aaa2a4cc4e39eb4,528,200,2026-08-20T00:07:05.447630+00:00
2026-08-20,race_to_the_wh,live__26-Gov-Box---Rank-5__9e06e988,184f6e141cfea67b16edbf0de24838f87e4d2353bed03bc713dcd35a48e7cdc4,534,200,2026-08-20T00:07:06.426228+00:00
2026-08-20,race_to_the_wh,live__26-Gov-Box---Rank-6__ce42b8e5,875c345d9c0ea4a5394c4add1880e72f5c73ea897e6d9b7c254857ee3887de7c,550,200,2026-08-20T00:07:07.453522+00:00
2026-08-20,race_to_the_wh,live__26-Gov-Box---Rank-7__d57a90a0,ad27f119ffc398bdbad3a65445a7ae3856e41e481ba3c0870b0934a147edfb87,550,200,2026-08-20T00:07:08.441119+00:00
2026-08-20,race_to_the_wh,live__26-Gov-Box---Rank-8__b0daaa31,6a725b56a221723637277a279ef0534aa009a7b44410824b46cfa17403c46a97,536,200,2026-08-20T00:07:09.439948+00:00
2026-08-20,race_to_the_wh,live__26-Gov-Box---Rank-9__6add4581,5e3d2665b29770a1e748087679d84488b5bc458f6bec6547671615557c0c5eaa,544,200,2026-08-20T00:07:10.473896+00:00
2026-08-20,race_to_the_wh,live__26-Sen---AK---Box__4dcb91cb,119b2a35cb57d528a71d705c9cc7e700776b112f9788a64e58503c24c61cedbd,549,200,2026-08-20T00:07:11.445187+00:00
2026-08-20,race_to_the_wh,live__26-Sen---Biggest-Shifts__245bfe80,778e153452791d52c4d7d1df43523ae26c200875f1b2f0d6fa510dcc7a24ccdf,1996,200,2026-08-20T00:07:12.450689+00:00
2026-08-20,race_to_the_wh,live__26-Sen---FL---Box__57ea732b,034b7c4a6d296cc2917f30228a5c2c70bbdda962614bca769448404239b790a4,541,200,2026-08-20T00:07:13.490046+00:00
2026-08-20,race_to_the_wh,live__26-Sen---GA---Box__fab4a380,e338bed235e813bee290bb268bb306c13daf1bf40bc29d12abe4a33a19e1fbee,543,200,2026-08-20T00:07:14.452533+00:00
2026-08-20,race_to_the_wh,live__26-Sen---IA---Box__75e0a3df,936d8249cbff6fe8d27c39d1db164ef1f488a39b58fd7bbd61803a0c7d5fca79,544,200,2026-08-20T00:07:15.467579+00:00
2026-08-20,race_to_the_wh,live__26-Sen---List-of-Races---Key-Races-First__de36b7db,fa86703d1166a711d1c135aeaada16c8efcd0f895b0bdadf098515f4ba90b03a,632,200,2026-08-20T00:07:16.451159+00:00
2026-08-20,race_to_the_wh,live__26-Sen---ME---Box__91c9dc44,b87e6f690f9962406d1d8f5c42ef337855e3be2f62ee76d80ecfafa7797ce848,547,200,2026-08-20T00:07:17.451242+00:00
2026-08-20,race_to_the_wh,live__26-Sen---MI---Box__33378be4,778e6566d169cf4592c46d9f9c39a2d657e7226d91fd68325ac802d32b70c7f6,550,200,2026-08-20T00:07:18.462123+00:00
2026-08-20,race_to_the_wh,live__26-Sen---MN---Box__f6379252,083f0844f73f8ae9e4e4f74184c9effc22a5cff20ab840b5b84e522021cd5b24,549,200,2026-08-20T00:07:19.479130+00:00
2026-08-20,race_to_the_wh,live__26-Sen---NC---Box__5ff6a5a3,f13f6e360f0307b4348f4d71ba2cd382b895b2f4be6e42355225ef63dc00040b,543,200,2026-08-20T00:07:20.496693+00:00
2026-08-20,race_to_the_wh,live__26-Sen---NE---Box__6e000a61,a794c21d9fe30a7ca3ecf6acd7657e312e40b8ba18b2226bab0cb9bca52094e4,548,200,2026-08-20T00:07:21.544078+00:00
2026-08-20,race_to_the_wh,live__26-Sen---NH---Box__f6b57856,ad83b363635e69d0ae4f98c496abba3b19974c616721a7dedf9343763cd640c0,543,200,2026-08-20T00:07:22.496770+00:00
2026-08-20,race_to_the_wh,live__26-Sen---OH---Box__ac89c4c8,f3ed8c945817f579d155818632749372d28e28cfe36d88dd300a122aa3369c90,541,200,2026-08-20T00:07:23.486378+00:00
2026-08-20,race_to_the_wh,live__26-Sen---Publish-Range-of-Outcomes__4af6f1ab,8f3e266acd5108f3a96e177867692694fc962dde208f1e5960dc4891813230a3,8284,200,2026-08-20T00:07:24.512454+00:00
2026-08-20,race_to_the_wh,live__26-Sen---Publish-State-Trend---Chance-to-Win__43d8c4d5,3522a8760ff528e1f5d73cd1870bf43e96a100a23485e112897ca64cb6fc004d,123983,200,2026-08-20T00:07:26.028343+00:00
2026-08-20,race_to_the_wh,live__26-Sen---Publish-State-Trend---Margin__796ff7b8,e236ecd1b0f6ec5d158b690a166bb8accd773bee3951d5a74d0ac9a01ef748a2,131623,200,2026-08-20T00:07:26.750515+00:00
2026-08-20,race_to_the_wh,live__26-Sen---Publish-Trend---Nat__eb6a9fd7,8d288f41b56cf8552cf30682891f51f82f5c2a0e63125d53a5beaef3ccd21cd7,8029,200,2026-08-20T00:07:27.529710+00:00
2026-08-20,race_to_the_wh,live__26-Sen---TX---Box__e5e8abdf,a73343444cc7b2c84e7c215f0b3d43ad4d8b8035e6ae1c9b5be667daa5be4e24,550,200,2026-08-20T00:07:28.495114+00:00
2026-08-20,race_to_the_wh,live__26-Sen---Text-for-Margin-of-Victory-Graph---Dem-Ind__b7fbbe90,2c8450052722e16efe032d02c8c9b24278d0f02a0766eb79fc05be44103fd1df,3824,200,2026-08-20T00:07:29.505874+00:00
2026-08-20,race_to_the_wh,live__Active-2026-House---Publish-Fundraising__bf4df3ae,720778ea115bb485878f9cb10bd211d92b347e061a4deb68fc5d1d2adc9c80f3,127770,200,2026-08-20T00:07:31.284262+00:00
2026-08-20,race_to_the_wh,live__House-2026---Graphics---Table---Democrat-Gains---Recent-Chan__4b6b1756,cc9fee8a81c8738fcfb47c8dc9227dbc1fb9f53764d8f6b8531f876ccb5af687,4225,200,2026-08-20T00:07:31.496839+00:00
2026-08-20,race_to_the_wh,live__House-2026---Graphics---Table---GOP-Gains---Recent-Changes--__a2735c3d,5a4d2751b184aa50ca6a77b5d433a9cb3a65530989907a06f3b2206187cbb284,3143,200,2026-08-20T00:07:32.513343+00:00
2026-08-20,race_to_the_wh,live__House-2026---Graphics---Table---Most-Vulnerable---Publish__d3388d22,62bbb2aa367f8170a18d6f6f67646bb436d4722c02223bb6c862263893c0a17f,9718,200,2026-08-20T00:07:33.512529+00:00
2026-08-20,race_to_the_wh,live__House-2026---Graphics---Table---Race-Ratings__e01b41ff,acb061697cc1c2b07eec2a7a0e2b4a9213d7f8180ded3ddf4eb54cef460ad8d5,54485,200,2026-08-20T00:07:34.781734+00:00
2026-08-20,race_to_the_wh,live__House-2026---Publish---National-Line-Graph-Trend__3cba2007,3b109ef589a1eb8576a0c73bf36490102bcb87074a80e30f2b53670ec489c166,6960,200,2026-08-20T00:07:35.522878+00:00
2026-08-20,race_to_the_wh,live__House-2026---Table---Switch-Between-Races__cb9fbb6d,14837dc18cc96db8dc33c10c3f29c63912af81549bfb014080b37ad2e96db5f9,58204,200,2026-08-20T00:07:36.556599+00:00
2026-08-20,race_to_the_wh,live__House-26-Forecast---Last-Updated__3878f80d,a5c25e987faac4c71887f308e3b24dbc6cec4d51d931cca260f74590fba438f0,115,200,2026-08-20T00:07:37.517162+00:00
2026-08-20,race_to_the_wh,live__Prep---2026-House---Publish-Fundraising__50fc008f,64b2fc456925d6730bdef2439e0bc1d748aa10590a484cb77636f4cfd188aabb,440574,200,2026-08-20T00:07:39.649069+00:00
2026-08-20,race_to_the_wh,live__Sen-26---Main-Graphics__6911ecb8,d59629403c62da6f7ab806118f6b44ff95fd97d8455ef1899d9d615c8cf129c9,14875,200,2026-08-20T00:07:39.807829+00:00
2026-08-20,race_to_the_wh,live__Sen-26---Main-Graphics__d6de4ea5,29f5eb2c7bf0070f6b4142258e969aadf062bcee00e8e8ddef1d3af6ea948062,14875,200,2026-08-20T00:07:41.033099+00:00
2026-08-20,race_to_the_wh,live__Sen-26---Publish---D__57b69e05,98247634157ad7ddf3ece6ec251e502d5cc3a963e4d2319aadfc0ffbf908bf85,145,200,2026-08-20T00:07:43.558822+00:00
2026-08-20,race_to_the_wh,live__Sen-26---Publish---R__1a0a69a3,59ab920e083c921fa10d966b29acba117c5d6a1ea85a5c329d1ab2a53b484e33,149,200,2026-08-20T00:07:44.772005+00:00
2026-08-20,race_to_the_wh,live__Sen-26---Publish---Seat-Chart__931a3933,fff81d86dd6072a2ff11be4c14961ed397e88b901015b4375da8ed93a96795be,461,200,2026-08-20T00:07:44.959619+00:00
2026-08-20,race_to_the_wh,live__Sen-26---Publish-Detailed-List-of-Factors-Impacting-Each-Rac__071993c5,488b59d952b29d0902437302141004286d86661671e4204b5d55e905779dcbf1,12310,200,2026-08-20T00:07:45.942242+00:00
2026-08-20,race_to_the_wh,live__Sen-26---Publish-List-of-Active-Races__b211d0e0,7b9a3276d41881f14ce7999c1d371f09d5e5d5dd72de63f9c5ae444f64ca23c3,145367,200,2026-08-20T00:07:47.225253+00:00
2026-08-20,race_to_the_wh,live__Sen-26---Publish-Map__40471175,7654d0e0f36776320e2452b581f0b3d71f40cf425a02307fd0c363af1d60ddde,12038,200,2026-08-20T00:07:47.937192+00:00
2026-08-20,race_to_the_wh,live__Sen-26---Publish-Poll-Bar__f9291882,ae8eabc7888b6ce54506e7f8efaf1c4b2454e12a0b4287d3365b31a51ad69b36,2746,200,2026-08-20T00:07:51.859441+00:00
2026-08-20,race_to_the_wh,live__Sen-26---Publish-Poll-List__1157e48f,329fc85f3631016ab52abc1bf04bfa5436cf3f61edf5138fddecc33b1d72e412,164400,200,2026-08-20T00:07:52.430162+00:00
2026-08-20,race_to_the_wh,live__Sen-26---State-Pages---Dem-Nominees---Summary__943058f5,b5a2a36c4c782ce5854c5e5f308105b113a70c7e6a3fba53306d1272e45644c8,8591,200,2026-08-20T00:07:53.002962+00:00
2026-08-20,race_to_the_wh,live__Sen-26---State-Pages---GOP-Nominees---Summary__77a0a03e,8226abfdda1990791f00337006e257c9b838960453ad5be77a96d467daa070e4,8557,200,2026-08-20T00:07:54.049373+00:00
2026-08-20,race_to_the_wh,senate,1542c348a43b612cb41bd2202e55123774c0b1ef38c00dc352ca8ef1b8169688,243786,200,2026-08-20T00:06:41.080770+00:00
2026-08-20,silver_bulletin,generic_ballot_polls,85cf39ced607d0490ccf8bc38c1409f8ef232be9f7a6a569cf9705de6c33ce42,151364,200,2026-08-20T00:06:36.279995+00:00
2026-08-20,wikipedia,current-2026-United-States-House-of-Representatives-election-ratings,24ffaf2eb342157b72eb8913d4de79c5d2c9d457ec338cb5df913b113fee013f,92609,200,2026-08-20T00:06:37.672908+00:00
2026-08-20,wikipedia,current-2026-United-States-House-of-Representatives-elections,08aa488f03c7cc7b78e13256e6504192f1180601882051f90835b4ccda8b1cc1,371548,200,2026-08-20T00:06:40.813220+00:00
2026-08-20,wikipedia,current-2026-United-States-Senate-elections,21e24c2d260c45ac5b8a8ff1b0a1495b8179e1743c600cdab12e002cca8eeb3e,258672,200,2026-08-20T00:06:38.829368+00:00
2026-08-20,wikipedia,current-2026-United-States-gubernatorial-elections,1d80441eb5366b3fcb4845b5ee627afd0244b7d5502387cc3e96975c70f4b4fc,218067,200,2026-08-20T00:06:39.794995+00:00
2026-08-20,fred,income_annual,6f543ee622e9b18614396a24827062cd8fa3a0902d45383ca0b8b0eb0ede55df,1669,200,2026-08-20T16:09:06.182898+00:00
2026-08-20,fred,income_monthly,3faecf0165682f93737167c3937c10eb24bbb2d90f7f193ff97e207208369e54,13795,200,2026-08-20T16:09:07.167919+00:00
2026-08-21,fred,income_annual,6f543ee622e9b18614396a24827062cd8fa3a0902d45383ca0b8b0eb0ede55df,1669,200,2026-08-21T11:28:12.511269+00:00
2026-08-21,fred,income_monthly,3faecf0165682f93737167c3937c10eb24bbb2d90f7f193ff97e207208369e54,13795,200,2026-08-21T11:28:13.580959+00:00
2026-08-21,grant_williams,house_forecast,1e35e2fae3c3a1c458b5aec52c57cc578639659d0fe7eda77b977615267d87f2,542183,200,2026-08-21T11:28:10.744665+00:00
2026-08-21,grant_williams,senate_forecast,064204569e11b5c74d133dcff13e42ec6843d73f0c98fbe5cdbb37ee557e09df,111859,200,2026-08-21T11:28:11.646172+00:00
2026-08-21,kalshi,markets-HOUSE,50699ea1db13415ea46ec367dcfa58decd9660083271c5dc061561f38337fbac,27,200,2026-08-21T11:27:54.423544+00:00
2026-08-21,kalshi,markets-HOUSEMOV,50699ea1db13415ea46ec367dcfa58decd9660083271c5dc061561f38337fbac,27,200,2026-08-21T11:27:55.424719+00:00
2026-08-21,kalshi,markets-KXGENERICBALLOTVOTEHUB,9e1d0fec8548b9f1499e1a99f56a1e70231dd196d5493fed149678c23d11299e,15157,200,2026-08-21T11:27:56.421807+00:00
2026-08-21,kalshi,markets-KXHOUSE,50699ea1db13415ea46ec367dcfa58decd9660083271c5dc061561f38337fbac,27,200,2026-08-21T11:27:57.419225+00:00
2026-08-21,kalshi,markets-KXHOUSEMINORITY,50699ea1db13415ea46ec367dcfa58decd9660083271c5dc061561f38337fbac,27,200,2026-08-21T11:27:58.444966+00:00
2026-08-21,kalshi,markets-KXSENATE,50699ea1db13415ea46ec367dcfa58decd9660083271c5dc061561f38337fbac,27,200,2026-08-21T11:27:59.423795+00:00
2026-08-21,kalshi,markets-KXSENATERUN,50699ea1db13415ea46ec367dcfa58decd9660083271c5dc061561f38337fbac,27,200,2026-08-21T11:28:00.514009+00:00
2026-08-21,kalshi,markets-SENATE,50699ea1db13415ea46ec367dcfa58decd9660083271c5dc061561f38337fbac,27,200,2026-08-21T11:28:01.434218+00:00
2026-08-21,kalshi,markets-SENATEMOV,50699ea1db13415ea46ec367dcfa58decd9660083271c5dc061561f38337fbac,27,200,2026-08-21T11:28:02.426674+00:00
2026-08-21,kalshi,series-page-00,f3c8c817e0e187b43c19e67bac7e58290f0e68cf0c8f6218782d13f674311c35,2747261,200,2026-08-21T11:27:53.591597+00:00
2026-08-21,medsl,president_state_2024,d3170796305a9ee576d6362fbfdd9c4ffdf888566361b4b95f4d5e9d019a6348,75635,200,2026-08-21T11:28:13.758498+00:00
2026-08-21,medsl,senate_state_2024,e50fbfc62a095b9fe0d5178b7c09176b5cb8b7d320e08dd31e54987b9e3fcd76,18828,200,2026-08-21T11:28:14.740416+00:00
2026-08-21,polymarket,active-events-00,c32b12edc7bbefb0960030eed460be39ed2bd4c62b5be7624b05ac62a24aa3de,4724540,200,2026-08-21T11:28:03.496183+00:00
2026-08-21,polymarket,active-events-01,1d8e65d90049c5ac480e21f81cf06762326816353f2c857df04e1e8dd786e784,3668683,200,2026-08-21T11:28:04.472848+00:00
2026-08-21,polymarket,active-events-02,b5755b938f69f9b351048226f70b78fd5e163e0c0a2f568b41783742b937c0fe,3275605,200,2026-08-21T11:28:05.472302+00:00
2026-08-21,polymarket,active-events-03,9bc9b8aae395ddcdd7af4a6e5e3f2e05b2fb6799e2bc2cc85e354a6a5ee83e19,5362465,200,2026-08-21T11:28:06.481111+00:00
2026-08-21,polymarket,active-events-04,c7c2e3e8169fe23d2c9fad337e6715ba72961d9eac53a9ba1c7c12bae6ae2827,4064045,200,2026-08-21T11:28:07.473691+00:00
2026-08-21,polymarket,active-events-05,0fd15cddcd124f1cd04563a20638db5c9b15186d79b7dbfa60b7966ffaec51a3,2429944,200,2026-08-21T11:28:08.480525+00:00
2026-08-21,polymarket,active-events-06,aa43df164b94eece95cee0273bc90a100ba3440d32102847eddd42d246482772,3741568,200,2026-08-21T11:28:09.480200+00:00
2026-08-21,polymarket,active-events-07,46eb75568f673577bb5e0b83c43c81fa67d872328a4831be38c1ead5b3020b38,2101236,200,2026-08-21T11:28:10.478466+00:00
2026-08-21,polymarket,event-balance-of-power-2026-midterms,7727b7e25a0418ee8006969316dfa2b603e0b19196c7e4bfeed72651e019c689,41673,200,2026-08-21T11:28:02.518182+00:00
2026-08-21,predictit,marketdata-all,d3e00c096eaaba585457dac0a1c7c64ef2992a336d9ed17dfd0835d65434cb99,419473,200,2026-08-21T11:29:36.833832+00:00
2026-08-21,race_to_the_wh,house,d24eef1ef6e4fc4471abb0b3cb962eef9eb77c5662c803ce9780267efd2f50a1,186411,200,2026-08-21T11:28:19.352887+00:00
2026-08-21,race_to_the_wh,infogram_house,dd0b01490d05fb38c1cd40946da54d28808fe90c5e19d950ee0c81af898a941f,292347,200,2026-08-21T11:28:20.881601+00:00
2026-08-21,race_to_the_wh,infogram_house_alt,6100c2d014021e6c52342949676b17798fdeedc3917487a5a736fa01bab838bc,630483,200,2026-08-21T11:28:22.122493+00:00
2026-08-21,race_to_the_wh,infogram_senate,bbe93c1d234335b74d8bc0032f08c15d3bba0851166ee3071ab5902b237b5c47,636542,200,2026-08-21T11:28:20.446964+00:00
2026-08-21,race_to_the_wh,live__2026-House---AlaskaMaps__9e509601,f9fd499e08b8028061a8fde711f50e9f4ce9569c2d00dc02c681723fcc01cff8,1518,200,2026-08-21T11:28:22.759220+00:00
2026-08-21,race_to_the_wh,live__2026-House---Hawaii-Maps__d1578d50,461aa249e112df53d72ec77a1907bceefb0134db8b44059d141e8224b8116408,3574,200,2026-08-21T11:28:23.746924+00:00
2026-08-21,race_to_the_wh,live__2026-House---Incumbent-Text__6d1aa0f0,a9bba93aff417bbe127f835226a2d0bdb77dd72179e52b23ef898d80774dd5ad,55836,200,2026-08-21T11:28:25.091583+00:00
2026-08-21,race_to_the_wh,live__2026-House---Main-Graphics__4d4c52a9,1ebeda2cfc5286a5e8d8f9f7cecea446ad1fae120e4dcf40c48773e42529a068,40248,200,2026-08-21T11:28:25.922261+00:00
2026-08-21,race_to_the_wh,live__2026-House---National-Maps__5c199ccb,cdb77ddc2de173dba338d967959282619b57913a0bd1cc3225e3a2f09b278417,247569,200,2026-08-21T11:28:27.915651+00:00
2026-08-21,race_to_the_wh,live__2026-House---Projection-Trend-for-Each-Race__17871ab4,f4cc9153cadbf268c384b030398af9649210f773d27413afe1538ef78b92679f,1357146,200,2026-08-21T11:28:34.421658+00:00
2026-08-21,race_to_the_wh,live__2026-House---Race-Rating__d6524bc4,33a2421b3630eba0b86898ed2d38ddb4679ade453ff82e83df56ca01f9f22566,48501,200,2026-08-21T11:28:35.336065+00:00
2026-08-21,race_to_the_wh,live__2026-House---Seat-Bar__05fcb31f,f96a4536d6b379a204bc9354f6c8e311c0fecb70aa50463945a43c14cc05d637,488,200,2026-08-21T11:28:37.425918+00:00
2026-08-21,race_to_the_wh,live__2026-House---Table-Summarizing-Lean-Last-Election-Polling__83bc8f1f,8a7c068dd5ccbb7af79439bb7cbe0afe41f2d2a3faa6378e1665dbfb28460aa1,70578,200,2026-08-21T11:28:38.333324+00:00
2026-08-21,race_to_the_wh,live__2026-House---Win-Trend-for-Each-Race__2f9eb80c,f616eb06070599ab810f7d04d820de0ea1d22b922faf551b8ca320140e3ea774,1144650,200,2026-08-21T11:28:40.053182+00:00
2026-08-21,race_to_the_wh,live__26-Gov-Box---Names__e7d5dacb,6e27bcdb66c6cc5f865d09c4d4d7a24cbfc38711432df734c7ecc159bc5986cd,511,200,2026-08-21T11:28:40.690355+00:00
2026-08-21,race_to_the_wh,live__26-Gov-Box---Rank-10__3061ed66,8a77fae19a1066ff2545710fc3a2cfb5a8fc9a8becb90f26d11f12ae9ad66aef,541,200,2026-08-21T11:28:42.733010+00:00
2026-08-21,race_to_the_wh,live__26-Gov-Box---Rank-11__6261c1da,f3e2a7d46a718613fd8fd3fb6834e563d06faf9715c99dde7ac4da9ce413415a,544,200,2026-08-21T11:28:43.770140+00:00
2026-08-21,race_to_the_wh,live__26-Gov-Box---Rank-12__58ab747c,164f0f004ac7be12b1478ff724b4f4a6f031ad20bdc39cbae40e39e59299a72c,548,200,2026-08-21T11:28:44.674561+00:00
2026-08-21,race_to_the_wh,live__26-Gov-Box---Rank-1__9f69fd07,e2d25a59fa2e14a162c2ec06b37ecfe1bf429d4e943063fd28fa66322e4fd719,528,200,2026-08-21T11:28:41.677884+00:00
2026-08-21,race_to_the_wh,live__26-Gov-Box---Rank-2__c91218a6,6b0e3ba833a0a3d86e484c4266af079bc21b75c0bd43b773f99d711f80b33caf,528,200,2026-08-21T11:28:45.705504+00:00
2026-08-21,race_to_the_wh,live__26-Gov-Box---Rank-3__d2780b7c,907ebdb2f0a5b290acf21b4652cf418ec08fd7d3b5cb5d3130e1cc33d0a9b2eb,534,200,2026-08-21T11:28:46.720468+00:00
2026-08-21,race_to_the_wh,live__26-Gov-Box---Rank-4__2b72262f,e7a6527dca12b77a43154815af7aae1358649267d685b636dad7a30b4570b1a7,528,200,2026-08-21T11:28:47.744124+00:00
2026-08-21,race_to_the_wh,live__26-Gov-Box---Rank-5__9e06e988,276311f0a8ead68de9fdace9cd7088fa70e7cdabb272b2a02f227b5e01c1d168,548,200,2026-08-21T11:28:48.230989+00:00
2026-08-21,race_to_the_wh,live__26-Gov-Box---Rank-6__ce42b8e5,c95911899f44088130d592303f8deaee5c5007c3d2eaa48db6e2502a8ff844de,550,200,2026-08-21T11:28:49.683507+00:00
2026-08-21,race_to_the_wh,live__26-Gov-Box---Rank-7__d57a90a0,96fdeaa9e370349fbdd72185b8563db2761ac4931d5d8761303c99940ad39ed7,548,200,2026-08-21T11:28:50.706684+00:00
2026-08-21,race_to_the_wh,live__26-Gov-Box---Rank-8__b0daaa31,6a4c02857745ed88dab820918fc4aa8334fbe5a77eb466d31438833e61d3ef49,536,200,2026-08-21T11:28:51.719420+00:00
2026-08-21,race_to_the_wh,live__26-Gov-Box---Rank-9__6add4581,e532cbcd9a30c064c651b7ca480f06861bbb9cd635d69ff000e3ceb222cfb667,544,200,2026-08-21T11:28:52.653063+00:00
2026-08-21,race_to_the_wh,live__26-Sen---AK---Box__4dcb91cb,49fdf77b84dabd11b8d066b9006bce4fc649e3d90b5a086a9d1617a72b8c372d,549,200,2026-08-21T11:28:53.705970+00:00
2026-08-21,race_to_the_wh,live__26-Sen---Biggest-Shifts__245bfe80,2fa8acdf4fcf5bbfdc174b967a7fe340c773fca102c1f5842902a88c94b140ce,1971,200,2026-08-21T11:28:54.228839+00:00
2026-08-21,race_to_the_wh,live__26-Sen---FL---Box__57ea732b,b2617aeeeb05c12400f4dc7b0d22fb03f6083e518e1dd57289cab74b5d53e208,541,200,2026-08-21T11:28:55.239663+00:00
2026-08-21,race_to_the_wh,live__26-Sen---GA---Box__fab4a380,ff459a1c94d3d993a1d1330a7884b41339954809ccc0f14ae1fdf3259ee821ca,543,200,2026-08-21T11:28:56.673971+00:00
2026-08-21,race_to_the_wh,live__26-Sen---IA---Box__75e0a3df,56b034854b5bdaafba677a0083d9f6468a472f8eeff6faea11ffc69874ad4342,544,200,2026-08-21T11:28:57.699393+00:00
2026-08-21,race_to_the_wh,live__26-Sen---List-of-Races---Key-Races-First__de36b7db,25301b24f546377228a910d32b9b6bf8311aa54e58e34b9c4a815073bfa0c945,632,200,2026-08-21T11:28:58.234483+00:00
2026-08-21,race_to_the_wh,live__26-Sen---ME---Box__91c9dc44,38f05cf909e192169598de89c093a5a5b270193b4a06db0551fb3ddae3585798,547,200,2026-08-21T11:28:59.725761+00:00
2026-08-21,race_to_the_wh,live__26-Sen---MI---Box__33378be4,a3e5229e25ae8df6eea05d206034f36c8ba389c02e9c19d78ef3200b9067066e,550,200,2026-08-21T11:29:00.718778+00:00
2026-08-21,race_to_the_wh,live__26-Sen---MN---Box__f6379252,da9a493db7140b41ab8a5433e83f1577bc1c3a797277db79973d394d4bbf1dea,549,200,2026-08-21T11:29:01.709572+00:00
2026-08-21,race_to_the_wh,live__26-Sen---NC---Box__5ff6a5a3,61e251049014f64da79c68b781077799c6d3caefeff7230821c03b4928ed79f3,543,200,2026-08-21T11:29:02.811926+00:00
2026-08-21,race_to_the_wh,live__26-Sen---NE---Box__6e000a61,2140f4ebe8b9a0cac018034361a093765725596f378c25f9794a4bd8d97c5e90,548,200,2026-08-21T11:29:03.669990+00:00
2026-08-21,race_to_the_wh,live__26-Sen---NH---Box__f6b57856,b1323add32bc7112f1032fcea1c9a813ffdbd10f845b8d714a5b2cc8f8575a69,544,200,2026-08-21T11:29:04.244817+00:00
2026-08-21,race_to_the_wh,live__26-Sen---OH---Box__ac89c4c8,373f274e056f13cdce0b5addf4aca87485f25fb05f3cc34090d5dd8dc008690c,541,200,2026-08-21T11:29:05.652770+00:00
2026-08-21,race_to_the_wh,live__26-Sen---Publish-Range-of-Outcomes__4af6f1ab,c8edd298ec7d2766fb77e49600d6411a21ef6bf0b887af36fa638792282dbbda,8284,200,2026-08-21T11:29:06.271687+00:00
2026-08-21,race_to_the_wh,live__26-Sen---Publish-State-Trend---Chance-to-Win__43d8c4d5,1b6909e6b7bd472e07d74ce6267a685519eb0c274f960189fca9f2da1a964c01,124906,200,2026-08-21T11:29:08.152912+00:00
2026-08-21,race_to_the_wh,live__26-Sen---Publish-State-Trend---Margin__796ff7b8,c073db7c72a22c37b8c7b4a07cd0c7ec2b8b1ebd81857be2352c6616f7212cf8,132611,200,2026-08-21T11:29:09.743984+00:00
2026-08-21,race_to_the_wh,live__26-Sen---Publish-Trend---Nat__eb6a9fd7,86687b38f810440b473997e8d4f4321c1ce9839456349ca5b04b77d8b1c89202,8056,200,2026-08-21T11:29:09.920693+00:00
2026-08-21,race_to_the_wh,live__26-Sen---TX---Box__e5e8abdf,a6539b64de3408892cb79d930f3ff628aaed024cf05e017606804b6f1e85c06c,550,200,2026-08-21T11:29:11.433122+00:00
2026-08-21,race_to_the_wh,live__26-Sen---Text-for-Margin-of-Victory-Graph---Dem-Ind__b7fbbe90,779501972201452701dad29ea51fb6a30f988ef27eac34431b6e5e142419a8ec,3824,200,2026-08-21T11:29:11.922806+00:00
2026-08-21,race_to_the_wh,live__Active-2026-House---Publish-Fundraising__bf4df3ae,3c3bb2f5f10cbb15678287c4bc23760e9671fbab52d923aab06f652cd7337788,127770,200,2026-08-21T11:29:13.902695+00:00
2026-08-21,race_to_the_wh,live__House-2026---Graphics---Table---Democrat-Gains---Recent-Chan__4b6b1756,25aad6b0a17fafffdf61a8c2d404191d96fd0a4a8bb0fb383cd5b3698832080f,4295,200,2026-08-21T11:29:14.611767+00:00
2026-08-21,race_to_the_wh,live__House-2026---Graphics---Table---GOP-Gains---Recent-Changes--__a2735c3d,185c6b0c9b4e80c228e20f630ba04a0219cdc9a7edb23b7345cf495d94642386,3002,200,2026-08-21T11:29:15.673709+00:00
2026-08-21,race_to_the_wh,live__House-2026---Graphics---Table---Most-Vulnerable---Publish__d3388d22,ebde89c8e603f9b112fa794289f539918b988842ba14e08f01c49d8c419467cd,9725,200,2026-08-21T11:29:16.562061+00:00
2026-08-21,race_to_the_wh,live__House-2026---Graphics---Table---Race-Ratings__e01b41ff,af5191aa918ae2d168d19710b454faa3d4cd9ae836cfba932ae13435cb511679,54268,200,2026-08-21T11:29:17.850497+00:00
2026-08-21,race_to_the_wh,live__House-2026---Publish---National-Line-Graph-Trend__3cba2007,4b44a6f01f073053f56518c186dfb5dd543038ec0f632731a9fea5c97159221a,7048,200,2026-08-21T11:29:18.545938+00:00
2026-08-21,race_to_the_wh,live__House-2026---Table---Switch-Between-Races__cb9fbb6d,ad24eb6c4b2d3f4dd944542b9b3bcc824e231e9f3cc09578874612dbf4c7099f,58210,200,2026-08-21T11:29:19.783192+00:00
2026-08-21,race_to_the_wh,live__House-26-Forecast---Last-Updated__3878f80d,32613c2b164554bf53a85189607be22d25bac14412165260e1d218fea0cdd440,114,200,2026-08-21T11:29:22.614025+00:00
2026-08-21,race_to_the_wh,live__Prep---2026-House---Publish-Fundraising__50fc008f,4a03a6d25bf69e3d39cb79a6c45b465b9101e9ca35ffb876335d52fb575ecba4,440574,200,2026-08-21T11:29:23.983232+00:00
2026-08-21,race_to_the_wh,live__Sen-26---Main-Graphics__6911ecb8,0c6b972e419a319648e19cb43c406d2efa9ab4c552a827ff333874b69dc94dcc,14862,200,2026-08-21T11:29:24.347379+00:00
2026-08-21,race_to_the_wh,live__Sen-26---Main-Graphics__d6de4ea5,87d232652ae1b59fcd13d2b6707c227b9586edc9da518b76a21a3a39f4cd1d78,14862,200,2026-08-21T11:29:25.777346+00:00
2026-08-21,race_to_the_wh,live__Sen-26---Publish---D__57b69e05,7911924acac3532d64e8efe31ff779d1e05d938322660fe9ca524f73965ac8e1,145,200,2026-08-21T11:29:26.169600+00:00
2026-08-21,race_to_the_wh,live__Sen-26---Publish---R__1a0a69a3,9cadc375a9cf419dca8ebaf11ba424b34f2f8e7ef748ab113abe79b77a02a432,149,200,2026-08-21T11:29:27.615970+00:00
2026-08-21,race_to_the_wh,live__Sen-26---Publish---Seat-Chart__931a3933,d86910336e85475baefa7faf2c041ab2f940f63e9e7ca3c14e19d240d49059d3,461,200,2026-08-21T11:29:28.633715+00:00
2026-08-21,race_to_the_wh,live__Sen-26---Publish-Detailed-List-of-Factors-Impacting-Each-Rac__071993c5,ecb856f8512b154fb021473721c4f79cdf8e5bff000b69d0849c2bc1deb5d5f3,12346,200,2026-08-21T11:29:31.108623+00:00
2026-08-21,race_to_the_wh,live__Sen-26---Publish-List-of-Active-Races__b211d0e0,ceff768d4c70663a2f9acd7fa1ddd569177090b9b8ee46511fad8087d159c459,149153,200,2026-08-21T11:29:31.748792+00:00
2026-08-21,race_to_the_wh,live__Sen-26---Publish-Map__40471175,89e4895ff012eeb1c11dae9df3f48c91ad78f4063fc10c96f4b7bc63140e34c1,12041,200,2026-08-21T11:29:32.819683+00:00
2026-08-21,race_to_the_wh,live__Sen-26---Publish-Poll-Bar__f9291882,6bd9931b7e4af4bf9f1e88c38d3d2e2e53b8be7a797c727a06d6c4cd10a8c2a4,2840,200,2026-08-21T11:29:33.752429+00:00
2026-08-21,race_to_the_wh,live__Sen-26---Publish-Poll-List__1157e48f,7681bdf50f6539e11ffcb9a1d9881d48ac3daf6df89f943f72c5f415ecf789cf,165861,200,2026-08-21T11:29:35.338783+00:00
2026-08-21,race_to_the_wh,live__Sen-26---State-Pages---Dem-Nominees---Summary__943058f5,21a47ea6b59b573acd8d8b899068072b37195515f19b5a34623969f627663019,8590,200,2026-08-21T11:29:35.952813+00:00
2026-08-21,race_to_the_wh,live__Sen-26---State-Pages---GOP-Nominees---Summary__77a0a03e,3e99872a143a18be7bdc1a730583dceb2ba2492ae38e8b50515798c1ec1c5919,8557,200,2026-08-21T11:29:36.511816+00:00
2026-08-21,race_to_the_wh,senate,8d3b9bdee577f609120b80a52a8280e8232460f6d9c6b1d5978c5d24d30b5b6d,187925,200,2026-08-21T11:28:18.412507+00:00
2026-08-21,silver_bulletin,generic_ballot_polls,3456563f9fac1d49b4a0b6f1e90a3fcc9168c3592c682ff40c3a8a8be6a49325,151608,200,2026-08-21T11:28:12.173069+00:00
2026-08-21,wikipedia,current-2026-United-States-House-of-Representatives-election-ratings,0cd7d327d19c876b86efbfaf92f410e08e31cfaee8402ff0e982f53a01875ba6,92606,200,2026-08-21T11:28:15.054523+00:00
2026-08-21,wikipedia,current-2026-United-States-House-of-Representatives-elections,898cee0808432bf7e8183f685f62efedb362bcf352549d9f3f5439d863072019,371409,200,2026-08-21T11:28:18.061671+00:00
2026-08-21,wikipedia,current-2026-United-States-Senate-elections,a43c92ec2ae4f63e954dd1cffd8066669a06b43a1f5c6e428774a5cded9fa873,258785,200,2026-08-21T11:28:16.067580+00:00
2026-08-21,wikipedia,current-2026-United-States-gubernatorial-elections,da2e85973c4c497f61b54df1d5ad6fcb45f9690cb30ca5c4cefcbe9253dc2cfe,218184,200,2026-08-21T11:28:17.005051+00:00
