model,term,estimate,std_error
national,(Intercept),-3.7627725809773986,1.6746878740943774
national,midterm,-5.297583834390929,0.6733965799237159
national,income_1yr,-0.18257486111198415,0.18643146606402206
national,gas_1yr,-0.05966640766259975,0.028247352014766147
national,approval,0.11683406843164894,0.03178854153424144
house,(Intercept),8.940778466418704,1.8230585880256247
house,pvi,0.886965227315089,0.007671991423388076
house,nat_d,0.8347496496232353,0.036417435998565
house,inc_d,3.5338462272401268,0.12620096311386378
senate,(Intercept),17.59687157346398,8.991048233125055
senate,pvi,0.8108108014908291,0.04467744394840328
senate,nat_d,0.6625362891365603,0.17999081022138871
senate,inc_d,4.031569475767929,0.5290529102242232
