date,approval,approval_as_of,economy_basis,gas_ytd,gas_weeks,real_income_2026,income_months,computed_on,district_map,districts_shifted
2025-02-25,48.7,2025-02-25,trailing year,2.9404,52,53759.3,12,2026-09-29,"AL, CA, FL, LA, NC, OH, TN, TX, UT on the lines in force on 2025-02-25",118
2025-02-26,48.7,2025-02-25,trailing year,2.9404,52,53759.3,12,2026-09-29,"AL, CA, FL, LA, NC, OH, TN, TX, UT on the lines in force on 2025-02-26",118
2025-02-27,48.7,2025-02-25,trailing year,2.9404,52,53759.3,12,2026-09-29,"AL, CA, FL, LA, NC, OH, TN, TX, UT on the lines in force on 2025-02-27",118
2025-02-28,48.7,2025-02-28,trailing year,2.9404,52,53672.6,12,2026-09-29,"AL, CA, FL, LA, NC, OH, TN, TX, UT on the lines in force on 2025-02-28",118
2025-03-01,48.7,2025-03-01,trailing year,2.9404,52,53672.6,12,2026-09-29,"AL, CA, FL, LA, NC, OH, TN, TX, UT on the lines in force on 2025-03-01",118
2025-03-02,48.35,2025-03-02,trailing year,2.9404,52,53672.6,12,2026-09-29,"AL, CA, FL, LA, NC, OH, TN, TX, UT on the lines in force on 2025-03-02",118
2025-03-03,48.35,2025-03-02,trailing year,2.9364,52,53672.6,12,2026-09-29,"AL, CA, FL, LA, NC, OH, TN, TX, UT on the lines in force on 2025-03-03",118
2025-03-04,48.35,2025-03-04,trailing year,2.9364,52,53672.6,12,2026-09-29,"AL, CA, FL, LA, NC, OH, TN, TX, UT on the lines in force on 2025-03-04",118
2025-03-05,48.2,2025-03-05,trailing year,2.9364,52,53672.6,12,2026-09-29,"AL, CA, FL, LA, NC, OH, TN, TX, UT on the lines in force on 2025-03-05",118
2025-03-06,48.8,2025-03-06,trailing year,2.9364,52,53672.6,12,2026-09-29,"AL, CA, FL, LA, NC, OH, TN, TX, UT on the lines in force on 2025-03-06",118
2025-03-07,48.9,2025-03-07,trailing year,2.9364,52,53672.6,12,2026-09-29,"AL, CA, FL, LA, NC, OH, TN, TX, UT on the lines in force on 2025-03-07",118
2025-03-08,48.9,2025-03-08,trailing year,2.9364,52,53672.6,12,2026-09-29,"AL, CA, FL, LA, NC, OH, TN, TX, UT on the lines in force on 2025-03-08",118
2025-03-09,48.9,2025-03-09,trailing year,2.9364,52,53672.6,12,2026-09-29,"AL, CA, FL, LA, NC, OH, TN, TX, UT on the lines in force on 2025-03-09",118
2025-03-10,48.9,2025-03-10,trailing year,2.9324,52,53672.6,12,2026-09-29,"AL, CA, FL, LA, NC, OH, TN, TX, UT on the lines in force on 2025-03-10",118
2025-03-11,48.4,2025-03-11,trailing year,2.9324,52,53672.6,12,2026-09-29,"AL, CA, FL, LA, NC, OH, TN, TX, UT on the lines in force on 2025-03-11",118
2025-03-12,48.3,2025-03-12,trailing year,2.9324,52,53672.6,12,2026-09-29,"AL, CA, FL, LA, NC, OH, TN, TX, UT on the lines in force on 2025-03-12",118
2025-03-13,47.8,2025-03-13,trailing year,2.9324,52,53672.6,12,2026-09-29,"AL, CA, FL, LA, NC, OH, TN, TX, UT on the lines in force on 2025-03-13",118
2025-03-14,47.8,2025-03-14,trailing year,2.9324,52,53672.6,12,2026-09-29,"AL, CA, FL, LA, NC, OH, TN, TX, UT on the lines in force on 2025-03-14",118
2025-03-15,47.4,2025-03-15,trailing year,2.9324,52,53672.6,12,2026-09-29,"AL, CA, FL, LA, NC, OH, TN, TX, UT on the lines in force on 2025-03-15",118
2025-03-16,47.6,2025-03-16,trailing year,2.9324,52,53672.6,12,2026-09-29,"AL, CA, FL, LA, NC, OH, TN, TX, UT on the lines in force on 2025-03-16",118
2025-03-17,47.6,2025-03-17,trailing year,2.9252,52,53672.6,12,2026-09-29,"AL, CA, FL, LA, NC, OH, TN, TX, UT on the lines in force on 2025-03-17",118
2025-03-18,47.6,2025-03-18,trailing year,2.9252,52,53672.6,12,2026-09-29,"AL, CA, FL, LA, NC, OH, TN, TX, UT on the lines in force on 2025-03-18",118
2025-03-19,47.3,2025-03-19,trailing year,2.9252,52,53672.6,12,2026-09-29,"AL, CA, FL, LA, NC, OH, TN, TX, UT on the lines in force on 2025-03-19",118
2025-03-20,47.3,2025-03-20,trailing year,2.9252,52,53672.6,12,2026-09-29,"AL, CA, FL, LA, NC, OH, TN, TX, UT on the lines in force on 2025-03-20",118
2025-03-21,47.3,2025-03-20,trailing year,2.9252,52,53672.6,12,2026-09-29,"AL, CA, FL, LA, NC, OH, TN, TX, UT on the lines in force on 2025-03-21",118
2025-03-22,47.3,2025-03-22,trailing year,2.9252,52,53672.6,12,2026-09-29,"AL, CA, FL, LA, NC, OH, TN, TX, UT on the lines in force on 2025-03-22",118
2025-03-23,47.3,2025-03-22,trailing year,2.9252,52,53672.6,12,2026-09-29,"AL, CA, FL, LA, NC, OH, TN, TX, UT on the lines in force on 2025-03-23",118
2025-03-24,47.5,2025-03-24,trailing year,2.9165,52,53672.6,12,2026-09-29,"AL, CA, FL, LA, NC, OH, TN, TX, UT on the lines in force on 2025-03-24",118
2025-03-25,47.4,2025-03-25,trailing year,2.9165,52,53672.6,12,2026-09-29,"AL, CA, FL, LA, NC, OH, TN, TX, UT on the lines in force on 2025-03-25",118
2025-03-26,47.55,2025-03-26,trailing year,2.9165,52,53672.6,12,2026-09-29,"AL, CA, FL, LA, NC, OH, TN, TX, UT on the lines in force on 2025-03-26",118
2025-03-27,47.55,2025-03-27,trailing year,2.9165,52,53672.6,12,2026-09-29,"AL, CA, FL, LA, NC, OH, TN, TX, UT on the lines in force on 2025-03-27",118
2025-03-28,47.3,2025-03-28,trailing year,2.9165,52,53672.6,12,2026-09-29,"AL, CA, FL, LA, NC, OH, TN, TX, UT on the lines in force on 2025-03-28",118
2025-03-29,47.3,2025-03-28,trailing year,2.9165,52,53672.6,12,2026-09-29,"AL, CA, FL, LA, NC, OH, TN, TX, UT on the lines in force on 2025-03-29",118
2025-03-30,47.2,2025-03-30,trailing year,2.9165,52,53672.6,12,2026-09-29,"AL, CA, FL, LA, NC, OH, TN, TX, UT on the lines in force on 2025-03-30",118
2025-03-31,47.4,2025-03-31,trailing year,2.9101,52,53606.7,12,2026-09-29,"AL, CA, FL, LA, NC, OH, TN, TX, UT on the lines in force on 2025-03-31",118
2025-04-01,47.4,2025-03-31,trailing year,2.9101,52,53606.7,12,2026-09-29,"AL, CA, FL, LA, NC, OH, TN, TX, UT on the lines in force on 2025-04-01",118
2025-04-02,47.25,2025-04-02,trailing year,2.9101,52,53606.7,12,2026-09-29,"AL, CA, FL, LA, NC, OH, TN, TX, UT on the lines in force on 2025-04-02",118
2025-04-03,47.25,2025-04-03,trailing year,2.9101,52,53606.7,12,2026-09-29,"AL, CA, FL, LA, NC, OH, TN, TX, UT on the lines in force on 2025-04-03",118
2025-04-04,46.85,2025-04-04,trailing year,2.9101,52,53606.7,12,2026-09-29,"AL, CA, FL, LA, NC, OH, TN, TX, UT on the lines in force on 2025-04-04",118
2025-04-05,46.85,2025-04-04,trailing year,2.9101,52,53606.7,12,2026-09-29,"AL, CA, FL, LA, NC, OH, TN, TX, UT on the lines in force on 2025-04-05",118
2025-04-06,46.9,2025-04-06,trailing year,2.9101,52,53606.7,12,2026-09-29,"AL, CA, FL, LA, NC, OH, TN, TX, UT on the lines in force on 2025-04-06",118
2025-04-07,46.9,2025-04-06,trailing year,2.9043,52,53606.7,12,2026-09-29,"AL, CA, FL, LA, NC, OH, TN, TX, UT on the lines in force on 2025-04-07",118
2025-04-08,46.65,2025-04-08,trailing year,2.9043,52,53606.7,12,2026-09-29,"AL, CA, FL, LA, NC, OH, TN, TX, UT on the lines in force on 2025-04-08",118
2025-04-09,46.15,2025-04-09,trailing year,2.9043,52,53606.7,12,2026-09-29,"AL, CA, FL, LA, NC, OH, TN, TX, UT on the lines in force on 2025-04-09",118
2025-04-10,46.15,2025-04-09,trailing year,2.9043,52,53606.7,12,2026-09-29,"AL, CA, FL, LA, NC, OH, TN, TX, UT on the lines in force on 2025-04-10",118
2025-04-11,46.15,2025-04-09,trailing year,2.9043,52,53606.7,12,2026-09-29,"AL, CA, FL, LA, NC, OH, TN, TX, UT on the lines in force on 2025-04-11",118
2025-04-12,45.8,2025-04-12,trailing year,2.9043,52,53606.7,12,2026-09-29,"AL, CA, FL, LA, NC, OH, TN, TX, UT on the lines in force on 2025-04-12",118
2025-04-13,45.8,2025-04-12,trailing year,2.9043,52,53606.7,12,2026-09-29,"AL, CA, FL, LA, NC, OH, TN, TX, UT on the lines in force on 2025-04-13",118
2025-04-14,45.8,2025-04-14,trailing year,2.8969,52,53606.7,12,2026-09-29,"AL, CA, FL, LA, NC, OH, TN, TX, UT on the lines in force on 2025-04-14",118
2025-04-15,45.8,2025-04-15,trailing year,2.8969,52,53606.7,12,2026-09-29,"AL, CA, FL, LA, NC, OH, TN, TX, UT on the lines in force on 2025-04-15",118
2025-04-16,45.8,2025-04-16,trailing year,2.8969,52,53606.7,12,2026-09-29,"AL, CA, FL, LA, NC, OH, TN, TX, UT on the lines in force on 2025-04-16",118
2025-04-17,45.8,2025-04-17,trailing year,2.8969,52,53606.7,12,2026-09-29,"AL, CA, FL, LA, NC, OH, TN, TX, UT on the lines in force on 2025-04-17",118
2025-04-18,45.8,2025-04-18,trailing year,2.8969,52,53606.7,12,2026-09-29,"AL, CA, FL, LA, NC, OH, TN, TX, UT on the lines in force on 2025-04-18",118
2025-04-19,45.8,2025-04-18,trailing year,2.8969,52,53606.7,12,2026-09-29,"AL, CA, FL, LA, NC, OH, TN, TX, UT on the lines in force on 2025-04-19",118
2025-04-20,45.8,2025-04-20,trailing year,2.8969,52,53606.7,12,2026-09-29,"AL, CA, FL, LA, NC, OH, TN, TX, UT on the lines in force on 2025-04-20",118
2025-04-21,45.92,2025-04-21,trailing year,2.8877,52,53606.7,12,2026-09-29,"AL, CA, FL, LA, NC, OH, TN, TX, UT on the lines in force on 2025-04-21",118
2025-04-22,45.67,2025-04-22,trailing year,2.8877,52,53606.7,12,2026-09-29,"AL, CA, FL, LA, NC, OH, TN, TX, UT on the lines in force on 2025-04-22",118
2025-04-23,45.42,2025-04-23,trailing year,2.8877,52,53606.7,12,2026-09-29,"AL, CA, FL, LA, NC, OH, TN, TX, UT on the lines in force on 2025-04-23",118
2025-04-24,45.42,2025-04-23,trailing year,2.8877,52,53606.7,12,2026-09-29,"AL, CA, FL, LA, NC, OH, TN, TX, UT on the lines in force on 2025-04-24",118
2025-04-25,44.87,2025-04-25,trailing year,2.8877,52,53606.7,12,2026-09-29,"AL, CA, FL, LA, NC, OH, TN, TX, UT on the lines in force on 2025-04-25",118
2025-04-26,44.87,2025-04-26,trailing year,2.8877,52,53606.7,12,2026-09-29,"AL, CA, FL, LA, NC, OH, TN, TX, UT on the lines in force on 2025-04-26",118
2025-04-27,44.87,2025-04-27,trailing year,2.8877,52,53606.7,12,2026-09-29,"AL, CA, FL, LA, NC, OH, TN, TX, UT on the lines in force on 2025-04-27",118
2025-04-28,44.42,2025-04-28,trailing year,2.878,52,53606.7,12,2026-09-29,"AL, CA, FL, LA, NC, OH, TN, TX, UT on the lines in force on 2025-04-28",118
2025-04-29,44.22,2025-04-29,trailing year,2.878,52,53606.7,12,2026-09-29,"AL, CA, FL, LA, NC, OH, TN, TX, UT on the lines in force on 2025-04-29",118
2025-04-30,44.22,2025-04-29,trailing year,2.878,52,53588.7,12,2026-09-29,"AL, CA, FL, LA, NC, OH, TN, TX, UT on the lines in force on 2025-04-30",118
2025-05-01,44.22,2025-05-01,trailing year,2.878,52,53588.7,12,2026-09-29,"AL, CA, FL, LA, NC, OH, TN, TX, UT on the lines in force on 2025-05-01",118
2025-05-02,44.22,2025-05-01,trailing year,2.878,52,53588.7,12,2026-09-29,"AL, CA, FL, LA, NC, OH, TN, TX, UT on the lines in force on 2025-05-02",118
2025-05-03,44.22,2025-05-01,trailing year,2.878,52,53588.7,12,2026-09-29,"AL, CA, FL, LA, NC, OH, TN, TX, UT on the lines in force on 2025-05-03",118
2025-05-04,44.22,2025-05-01,trailing year,2.878,52,53588.7,12,2026-09-29,"AL, CA, FL, LA, NC, OH, TN, TX, UT on the lines in force on 2025-05-04",118
2025-05-05,44.22,2025-05-01,trailing year,2.8677,52,53588.7,12,2026-09-29,"AL, CA, FL, LA, NC, OH, TN, TX, UT on the lines in force on 2025-05-05",118
2025-05-06,44.22,2025-05-06,trailing year,2.8677,52,53588.7,12,2026-09-29,"AL, CA, FL, LA, NC, OH, TN, TX, UT on the lines in force on 2025-05-06",118
2025-05-07,44.27,2025-05-07,trailing year,2.8677,52,53588.7,12,2026-09-29,"AL, CA, FL, LA, NC, OH, TN, TX, UT on the lines in force on 2025-05-07",118
2025-05-08,44.27,2025-05-08,trailing year,2.8677,52,53588.7,12,2026-09-29,"AL, CA, FL, LA, NC, OH, TN, TX, UT on the lines in force on 2025-05-08",118
2025-05-09,44.27,2025-05-08,trailing year,2.8677,52,53588.7,12,2026-09-29,"AL, CA, FL, LA, NC, OH, TN, TX, UT on the lines in force on 2025-05-09",118
2025-05-10,44.27,2025-05-08,trailing year,2.8677,52,53588.7,12,2026-09-29,"AL, CA, FL, LA, NC, OH, TN, TX, UT on the lines in force on 2025-05-10",118
2025-05-11,44.38,2025-05-11,trailing year,2.8677,52,53588.7,12,2026-09-29,"AL, CA, FL, LA, NC, OH, TN, TX, UT on the lines in force on 2025-05-11",118
2025-05-12,44.38,2025-05-11,trailing year,2.8582,52,53588.7,12,2026-09-29,"AL, CA, FL, LA, NC, OH, TN, TX, UT on the lines in force on 2025-05-12",118
2025-05-13,44.38,2025-05-13,trailing year,2.8582,52,53588.7,12,2026-09-29,"AL, CA, FL, LA, NC, OH, TN, TX, UT on the lines in force on 2025-05-13",118
2025-05-14,44.38,2025-05-14,trailing year,2.8582,52,53588.7,12,2026-09-29,"AL, CA, FL, LA, NC, OH, TN, TX, UT on the lines in force on 2025-05-14",118
2025-05-15,44.38,2025-05-14,trailing year,2.8582,52,53588.7,12,2026-09-29,"AL, CA, FL, LA, NC, OH, TN, TX, UT on the lines in force on 2025-05-15",118
2025-05-16,44.38,2025-05-14,trailing year,2.8582,52,53588.7,12,2026-09-29,"AL, CA, FL, LA, NC, OH, TN, TX, UT on the lines in force on 2025-05-16",118
2025-05-17,44.38,2025-05-17,trailing year,2.8582,52,53588.7,12,2026-09-29,"AL, CA, FL, LA, NC, OH, TN, TX, UT on the lines in force on 2025-05-17",118
2025-05-18,44.38,2025-05-17,trailing year,2.8582,52,53588.7,12,2026-09-29,"AL, CA, FL, LA, NC, OH, TN, TX, UT on the lines in force on 2025-05-18",118
2025-05-19,44.38,2025-05-17,trailing year,2.8504,52,53588.7,12,2026-09-29,"AL, CA, FL, LA, NC, OH, TN, TX, UT on the lines in force on 2025-05-19",118
2025-05-20,44.98,2025-05-20,trailing year,2.8504,52,53588.7,12,2026-09-29,"AL, CA, FL, LA, NC, OH, TN, TX, UT on the lines in force on 2025-05-20",118
2025-05-21,44.98,2025-05-20,trailing year,2.8504,52,53588.7,12,2026-09-29,"AL, CA, FL, LA, NC, OH, TN, TX, UT on the lines in force on 2025-05-21",118
2025-05-22,44.98,2025-05-20,trailing year,2.8504,52,53588.7,12,2026-09-29,"AL, CA, FL, LA, NC, OH, TN, TX, UT on the lines in force on 2025-05-22",118
2025-05-23,45.78,2025-05-23,trailing year,2.8504,52,53588.7,12,2026-09-29,"AL, CA, FL, LA, NC, OH, TN, TX, UT on the lines in force on 2025-05-23",118
2025-05-24,45.78,2025-05-23,trailing year,2.8504,52,53588.7,12,2026-09-29,"AL, CA, FL, LA, NC, OH, TN, TX, UT on the lines in force on 2025-05-24",118
2025-05-25,45.78,2025-05-23,trailing year,2.8504,52,53588.7,12,2026-09-29,"AL, CA, FL, LA, NC, OH, TN, TX, UT on the lines in force on 2025-05-25",118
2025-05-26,45.68,2025-05-26,trailing year,2.8432,52,53588.7,12,2026-09-29,"AL, CA, FL, LA, NC, OH, TN, TX, UT on the lines in force on 2025-05-26",118
2025-05-27,45.68,2025-05-26,trailing year,2.8432,52,53588.7,12,2026-09-29,"AL, CA, FL, LA, NC, OH, TN, TX, UT on the lines in force on 2025-05-27",118
2025-05-28,45.68,2025-05-26,trailing year,2.8432,52,53588.7,12,2026-09-29,"AL, CA, FL, LA, NC, OH, TN, TX, UT on the lines in force on 2025-05-28",118
2025-05-29,45.68,2025-05-26,trailing year,2.8432,52,53588.7,12,2026-09-29,"AL, CA, FL, LA, NC, OH, TN, TX, UT on the lines in force on 2025-05-29",118
2025-05-30,45.68,2025-05-26,trailing year,2.8432,52,53588.7,12,2026-09-29,"AL, CA, FL, LA, NC, OH, TN, TX, UT on the lines in force on 2025-05-30",118
2025-05-31,45.68,2025-05-31,trailing year,2.8432,52,53597.5,12,2026-09-29,"AL, CA, FL, LA, NC, OH, TN, TX, UT on the lines in force on 2025-05-31",118
2025-06-01,45.68,2025-05-31,trailing year,2.8432,52,53597.5,12,2026-09-29,"AL, CA, FL, LA, NC, OH, TN, TX, UT on the lines in force on 2025-06-01",118
2025-06-02,45.68,2025-05-31,trailing year,2.8369,52,53597.5,12,2026-09-29,"AL, CA, FL, LA, NC, OH, TN, TX, UT on the lines in force on 2025-06-02",118
2025-06-03,45.66,2025-06-03,trailing year,2.8369,52,53597.5,12,2026-09-29,"AL, CA, FL, LA, NC, OH, TN, TX, UT on the lines in force on 2025-06-03",118
2025-06-04,45.66,2025-06-03,trailing year,2.8369,52,53597.5,12,2026-09-29,"AL, CA, FL, LA, NC, OH, TN, TX, UT on the lines in force on 2025-06-04",118
2025-06-05,45.66,2025-06-03,trailing year,2.8369,52,53597.5,12,2026-09-29,"AL, CA, FL, LA, NC, OH, TN, TX, UT on the lines in force on 2025-06-05",118
2025-06-06,45.62,2025-06-06,trailing year,2.8369,52,53597.5,12,2026-09-29,"AL, CA, FL, LA, NC, OH, TN, TX, UT on the lines in force on 2025-06-06",118
2025-06-07,45.62,2025-06-06,trailing year,2.8369,52,53597.5,12,2026-09-29,"AL, CA, FL, LA, NC, OH, TN, TX, UT on the lines in force on 2025-06-07",118
2025-06-08,45.68,2025-06-08,trailing year,2.8369,52,53597.5,12,2026-09-29,"AL, CA, FL, LA, NC, OH, TN, TX, UT on the lines in force on 2025-06-08",118
2025-06-09,45.68,2025-06-08,trailing year,2.834,52,53597.5,12,2026-09-29,"AL, CA, FL, LA, NC, OH, TN, TX, UT on the lines in force on 2025-06-09",118
2025-06-10,45.68,2025-06-08,trailing year,2.834,52,53597.5,12,2026-09-29,"AL, CA, FL, LA, NC, OH, TN, TX, UT on the lines in force on 2025-06-10",118
2025-06-11,45.24,2025-06-11,trailing year,2.834,52,53597.5,12,2026-09-29,"AL, CA, FL, LA, NC, OH, TN, TX, UT on the lines in force on 2025-06-11",118
2025-06-12,45.24,2025-06-11,trailing year,2.834,52,53597.5,12,2026-09-29,"AL, CA, FL, LA, NC, OH, TN, TX, UT on the lines in force on 2025-06-12",118
2025-06-13,45.24,2025-06-11,trailing year,2.834,52,53597.5,12,2026-09-29,"AL, CA, FL, LA, NC, OH, TN, TX, UT on the lines in force on 2025-06-13",118
2025-06-14,45.24,2025-06-11,trailing year,2.834,52,53597.5,12,2026-09-29,"AL, CA, FL, LA, NC, OH, TN, TX, UT on the lines in force on 2025-06-14",118
2025-06-15,45.24,2025-06-11,trailing year,2.834,52,53597.5,12,2026-09-29,"AL, CA, FL, LA, NC, OH, TN, TX, UT on the lines in force on 2025-06-15",118
2025-06-16,45.24,2025-06-11,trailing year,2.8312,52,53597.5,12,2026-09-29,"AL, CA, FL, LA, NC, OH, TN, TX, UT on the lines in force on 2025-06-16",118
2025-06-17,45.24,2025-06-11,trailing year,2.8312,52,53597.5,12,2026-09-29,"AL, CA, FL, LA, NC, OH, TN, TX, UT on the lines in force on 2025-06-17",118
2025-06-18,45.24,2025-06-18,trailing year,2.8312,52,53597.5,12,2026-09-29,"AL, CA, FL, LA, NC, OH, TN, TX, UT on the lines in force on 2025-06-18",118
2025-06-19,45.24,2025-06-18,trailing year,2.8312,52,53597.5,12,2026-09-29,"AL, CA, FL, LA, NC, OH, TN, TX, UT on the lines in force on 2025-06-19",118
2025-06-20,45.22,2025-06-20,trailing year,2.8312,52,53597.5,12,2026-09-29,"AL, CA, FL, LA, NC, OH, TN, TX, UT on the lines in force on 2025-06-20",118
2025-06-21,45.22,2025-06-21,trailing year,2.8312,52,53597.5,12,2026-09-29,"AL, CA, FL, LA, NC, OH, TN, TX, UT on the lines in force on 2025-06-21",118
2025-06-22,45.22,2025-06-22,trailing year,2.8312,52,53597.5,12,2026-09-29,"AL, CA, FL, LA, NC, OH, TN, TX, UT on the lines in force on 2025-06-22",118
2025-06-23,45.22,2025-06-22,trailing year,2.8294,52,53597.5,12,2026-09-29,"AL, CA, FL, LA, NC, OH, TN, TX, UT on the lines in force on 2025-06-23",118
2025-06-24,45.22,2025-06-24,trailing year,2.8294,52,53597.5,12,2026-09-29,"AL, CA, FL, LA, NC, OH, TN, TX, UT on the lines in force on 2025-06-24",118
2025-06-25,45.22,2025-06-24,trailing year,2.8294,52,53597.5,12,2026-09-29,"AL, CA, FL, LA, NC, OH, TN, TX, UT on the lines in force on 2025-06-25",118
2025-06-26,45.22,2025-06-24,trailing year,2.8294,52,53597.5,12,2026-09-29,"AL, CA, FL, LA, NC, OH, TN, TX, UT on the lines in force on 2025-06-26",118
2025-06-27,44.66,2025-06-27,trailing year,2.8294,52,53597.5,12,2026-09-29,"AL, CA, FL, LA, NC, OH, TN, TX, UT on the lines in force on 2025-06-27",118
2025-06-28,44.66,2025-06-27,trailing year,2.8294,52,53597.5,12,2026-09-29,"AL, CA, FL, LA, NC, OH, TN, TX, UT on the lines in force on 2025-06-28",118
2025-06-29,44.66,2025-06-27,trailing year,2.8294,52,53597.5,12,2026-09-29,"AL, CA, FL, LA, NC, OH, TN, TX, UT on the lines in force on 2025-06-29",118
2025-06-30,44.66,2025-06-27,trailing year,2.8248,52,53548.8,12,2026-09-29,"AL, CA, FL, LA, NC, OH, TN, TX, UT on the lines in force on 2025-06-30",118
2025-07-01,44.66,2025-06-27,trailing year,2.8248,52,53548.8,12,2026-09-29,"AL, CA, FL, LA, NC, OH, TN, TX, UT on the lines in force on 2025-07-01",118
2025-07-02,44.66,2025-06-27,trailing year,2.8248,52,53548.8,12,2026-09-29,"AL, CA, FL, LA, NC, OH, TN, TX, UT on the lines in force on 2025-07-02",118
2025-07-03,44.66,2025-07-03,trailing year,2.8248,52,53548.8,12,2026-09-29,"AL, CA, FL, LA, NC, OH, TN, TX, UT on the lines in force on 2025-07-03",118
2025-07-04,44.66,2025-07-03,trailing year,2.8248,52,53548.8,12,2026-09-29,"AL, CA, FL, LA, NC, OH, TN, TX, UT on the lines in force on 2025-07-04",118
2025-07-05,44.64,2025-07-05,trailing year,2.8248,52,53548.8,12,2026-09-29,"AL, CA, FL, LA, NC, OH, TN, TX, UT on the lines in force on 2025-07-05",118
2025-07-06,44.64,2025-07-05,trailing year,2.8248,52,53548.8,12,2026-09-29,"AL, CA, FL, LA, NC, OH, TN, TX, UT on the lines in force on 2025-07-06",118
2025-07-07,44.64,2025-07-05,trailing year,2.8194,52,53548.8,12,2026-09-29,"AL, CA, FL, LA, NC, OH, TN, TX, UT on the lines in force on 2025-07-07",118
2025-07-08,44.64,2025-07-05,trailing year,2.8194,52,53548.8,12,2026-09-29,"AL, CA, FL, LA, NC, OH, TN, TX, UT on the lines in force on 2025-07-08",118
2025-07-09,44.64,2025-07-05,trailing year,2.8194,52,53548.8,12,2026-09-29,"AL, CA, FL, LA, NC, OH, TN, TX, UT on the lines in force on 2025-07-09",118
2025-07-10,44.64,2025-07-05,trailing year,2.8194,52,53548.8,12,2026-09-29,"AL, CA, FL, LA, NC, OH, TN, TX, UT on the lines in force on 2025-07-10",118
2025-07-11,44.64,2025-07-05,trailing year,2.8194,52,53548.8,12,2026-09-29,"AL, CA, FL, LA, NC, OH, TN, TX, UT on the lines in force on 2025-07-11",118
2025-07-12,44.64,2025-07-12,trailing year,2.8194,52,53548.8,12,2026-09-29,"AL, CA, FL, LA, NC, OH, TN, TX, UT on the lines in force on 2025-07-12",118
2025-07-13,44.64,2025-07-13,trailing year,2.8194,52,53548.8,12,2026-09-29,"AL, CA, FL, LA, NC, OH, TN, TX, UT on the lines in force on 2025-07-13",118
2025-07-14,44.64,2025-07-13,trailing year,2.8141,52,53548.8,12,2026-09-29,"AL, CA, FL, LA, NC, OH, TN, TX, UT on the lines in force on 2025-07-14",118
2025-07-15,44.64,2025-07-13,trailing year,2.8141,52,53548.8,12,2026-09-29,"AL, CA, FL, LA, NC, OH, TN, TX, UT on the lines in force on 2025-07-15",118
2025-07-16,44.64,2025-07-13,trailing year,2.8141,52,53548.8,12,2026-09-29,"AL, CA, FL, LA, NC, OH, TN, TX, UT on the lines in force on 2025-07-16",118
2025-07-17,43.92,2025-07-17,trailing year,2.8141,52,53548.8,12,2026-09-29,"AL, CA, FL, LA, NC, OH, TN, TX, UT on the lines in force on 2025-07-17",118
2025-07-18,43.92,2025-07-18,trailing year,2.8141,52,53548.8,12,2026-09-29,"AL, CA, FL, LA, NC, OH, TN, TX, UT on the lines in force on 2025-07-18",118
2025-07-19,43.92,2025-07-18,trailing year,2.8141,52,53548.8,12,2026-09-29,"AL, CA, FL, LA, NC, OH, TN, TX, UT on the lines in force on 2025-07-19",118
2025-07-20,44.01,2025-07-20,trailing year,2.8141,52,53548.8,12,2026-09-29,"AL, CA, FL, LA, NC, OH, TN, TX, UT on the lines in force on 2025-07-20",118
2025-07-21,44.11,2025-07-21,trailing year,2.8101,52,53548.8,12,2026-09-29,"AL, CA, FL, LA, NC, OH, TN, TX, UT on the lines in force on 2025-07-21",118
2025-07-22,44.11,2025-07-21,trailing year,2.8101,52,53548.8,12,2026-09-29,"AL, CA, FL, LA, NC, OH, TN, TX, UT on the lines in force on 2025-07-22",118
2025-07-23,43.87,2025-07-23,trailing year,2.8101,52,53548.8,12,2026-09-29,"AL, CA, FL, LA, NC, OH, TN, TX, UT on the lines in force on 2025-07-23",118
2025-07-24,43.87,2025-07-24,trailing year,2.8101,52,53548.8,12,2026-09-29,"AL, CA, FL, LA, NC, OH, TN, TX, UT on the lines in force on 2025-07-24",118
2025-07-25,43.87,2025-07-24,trailing year,2.8101,52,53548.8,12,2026-09-29,"AL, CA, FL, LA, NC, OH, TN, TX, UT on the lines in force on 2025-07-25",118
2025-07-26,43.87,2025-07-24,trailing year,2.8101,52,53548.8,12,2026-09-29,"AL, CA, FL, LA, NC, OH, TN, TX, UT on the lines in force on 2025-07-26",118
2025-07-27,43.87,2025-07-24,trailing year,2.8101,52,53548.8,12,2026-09-29,"AL, CA, FL, LA, NC, OH, TN, TX, UT on the lines in force on 2025-07-27",118
2025-07-28,44.37,2025-07-28,trailing year,2.8081,52,53548.8,12,2026-09-29,"AL, CA, FL, LA, NC, OH, TN, TX, UT on the lines in force on 2025-07-28",118
2025-07-29,44.37,2025-07-28,trailing year,2.8081,52,53548.8,12,2026-09-29,"AL, CA, FL, LA, NC, OH, TN, TX, UT on the lines in force on 2025-07-29",118
2025-07-30,44.37,2025-07-28,trailing year,2.8081,52,53548.8,12,2026-09-29,"AL, CA, FL, LA, NC, OH, TN, TX, UT on the lines in force on 2025-07-30",118
2025-07-31,44.37,2025-07-28,trailing year,2.8081,52,53483.6,12,2026-09-29,"AL, CA, FL, LA, NC, OH, TN, TX, UT on the lines in force on 2025-07-31",118
2025-08-01,44.11,2025-08-01,trailing year,2.8081,52,53483.6,12,2026-09-29,"AL, CA, FL, LA, NC, OH, TN, TX, UT on the lines in force on 2025-08-01",118
2025-08-02,44.11,2025-08-01,trailing year,2.8081,52,53483.6,12,2026-09-29,"AL, CA, FL, LA, NC, OH, TN, TX, UT on the lines in force on 2025-08-02",118
2025-08-03,44.11,2025-08-01,trailing year,2.8081,52,53483.6,12,2026-09-29,"AL, CA, FL, LA, NC, OH, TN, TX, UT on the lines in force on 2025-08-03",118
2025-08-04,44.11,2025-08-01,trailing year,2.8087,52,53483.6,12,2026-09-29,"AL, CA, FL, LA, NC, OH, TN, TX, UT on the lines in force on 2025-08-04",118
2025-08-05,44.11,2025-08-05,trailing year,2.8087,52,53483.6,12,2026-09-29,"AL, CA, FL, LA, NC, OH, TN, TX, UT on the lines in force on 2025-08-05",118
2025-08-06,43.66,2025-08-06,trailing year,2.8087,52,53483.6,12,2026-09-29,"AL, CA, FL, LA, NC, OH, TN, TX, UT on the lines in force on 2025-08-06",118
2025-08-07,43.66,2025-08-06,trailing year,2.8087,52,53483.6,12,2026-09-29,"AL, CA, FL, LA, NC, OH, TN, TX, UT on the lines in force on 2025-08-07",118
2025-08-08,43.66,2025-08-06,trailing year,2.8087,52,53483.6,12,2026-09-29,"AL, CA, FL, LA, NC, OH, TN, TX, UT on the lines in force on 2025-08-08",118
2025-08-09,43.66,2025-08-09,trailing year,2.8087,52,53483.6,12,2026-09-29,"AL, CA, FL, LA, NC, OH, TN, TX, UT on the lines in force on 2025-08-09",118
2025-08-10,43.66,2025-08-09,trailing year,2.8087,52,53483.6,12,2026-09-29,"AL, CA, FL, LA, NC, OH, TN, TX, UT on the lines in force on 2025-08-10",118
2025-08-11,43.66,2025-08-09,trailing year,2.8104,52,53483.6,12,2026-09-29,"AL, CA, FL, LA, NC, OH, TN, TX, UT on the lines in force on 2025-08-11",118
2025-08-12,43.66,2025-08-09,trailing year,2.8104,52,53483.6,12,2026-09-29,"AL, CA, FL, LA, NC, OH, TN, TX, UT on the lines in force on 2025-08-12",118
2025-08-13,43.66,2025-08-09,trailing year,2.8104,52,53483.6,12,2026-09-29,"AL, CA, FL, LA, NC, OH, TN, TX, UT on the lines in force on 2025-08-13",118
2025-08-14,43.66,2025-08-09,trailing year,2.8104,52,53483.6,12,2026-09-29,"AL, CA, FL, LA, NC, OH, TN, TX, UT on the lines in force on 2025-08-14",118
2025-08-15,43.66,2025-08-15,trailing year,2.8104,52,53483.6,12,2026-09-29,"AL, CA, FL, LA, NC, OH, TN, TX, UT on the lines in force on 2025-08-15",118
2025-08-16,43.66,2025-08-15,trailing year,2.8104,52,53483.6,12,2026-09-29,"AL, CA, FL, LA, NC, OH, TN, TX, UT on the lines in force on 2025-08-16",118
2025-08-17,43.66,2025-08-15,trailing year,2.8104,52,53483.6,12,2026-09-29,"AL, CA, FL, LA, NC, OH, TN, TX, UT on the lines in force on 2025-08-17",118
2025-08-18,43.66,2025-08-18,trailing year,2.8136,52,53483.6,12,2026-09-29,"AL, CA, FL, LA, NC, OH, TN, TX, UT on the lines in force on 2025-08-18",118
2025-08-19,43.66,2025-08-18,trailing year,2.8136,52,53483.6,12,2026-09-29,"AL, CA, FL, LA, NC, OH, TN, TX, UT on the lines in force on 2025-08-19",118
2025-08-20,43.66,2025-08-18,trailing year,2.8136,52,53483.6,12,2026-09-29,"AL, CA, FL, LA, NC, OH, TN, TX, UT on the lines in force on 2025-08-20",118
2025-08-21,43.66,2025-08-18,trailing year,2.8136,52,53483.6,12,2026-09-29,"AL, CA, FL, LA, NC, OH, TN, TX, UT on the lines in force on 2025-08-21",118
2025-08-22,43.66,2025-08-18,trailing year,2.8136,52,53483.6,12,2026-09-29,"AL, CA, FL, LA, NC, OH, TN, TX, UT on the lines in force on 2025-08-22",118
2025-08-23,44.2,2025-08-23,trailing year,2.8136,52,53483.6,12,2026-09-29,"AL, CA, FL, LA, NC, OH, TN, TX, UT on the lines in force on 2025-08-23",118
2025-08-24,44.2,2025-08-24,trailing year,2.8136,52,53483.6,12,2026-09-29,"AL, CA, FL, LA, NC, OH, TN, TX, UT on the lines in force on 2025-08-24",118
2025-08-25,44.2,2025-08-24,trailing year,2.8186,52,53483.6,12,2026-09-29,"AL, CA, FL, LA, NC, OH, TN, TX, UT on the lines in force on 2025-08-25",118
2025-08-26,44.2,2025-08-26,trailing year,2.8186,52,53483.6,12,2026-09-29,"AL, CA, FL, LA, NC, OH, TN, TX, UT on the lines in force on 2025-08-26",118
2025-08-27,44.2,2025-08-26,trailing year,2.8186,52,53483.6,12,2026-09-29,"AL, CA, FL, LA, NC, OH, TN, TX, UT on the lines in force on 2025-08-27",118
2025-08-28,44.2,2025-08-26,trailing year,2.8186,52,53483.6,12,2026-09-29,"AL, CA, FL, LA, NC, OH, TN, TX, UT on the lines in force on 2025-08-28",118
2025-08-29,44.2,2025-08-26,trailing year,2.8186,52,53483.6,12,2026-09-29,"AL, CA, FL, LA, NC, OH, TN, UT on the lines in force on 2025-08-29",89
2025-08-30,44.2,2025-08-30,trailing year,2.8186,52,53483.6,12,2026-09-29,"AL, CA, FL, LA, NC, OH, TN, UT on the lines in force on 2025-08-30",89
2025-08-31,44.2,2025-08-30,trailing year,2.8186,52,53451.5,12,2026-09-29,"AL, CA, FL, LA, NC, OH, TN, UT on the lines in force on 2025-08-31",89
2025-09-01,44.2,2025-08-30,trailing year,2.8249,52,53451.5,12,2026-09-29,"AL, CA, FL, LA, NC, OH, TN, UT on the lines in force on 2025-09-01",89
2025-09-02,44.2,2025-08-30,trailing year,2.8249,52,53451.5,12,2026-09-29,"AL, CA, FL, LA, NC, OH, TN, UT on the lines in force on 2025-09-02",89
2025-09-03,44.2,2025-08-30,trailing year,2.8249,52,53451.5,12,2026-09-29,"AL, CA, FL, LA, NC, OH, TN, UT on the lines in force on 2025-09-03",89
2025-09-04,44.2,2025-08-30,trailing year,2.8249,52,53451.5,12,2026-09-29,"AL, CA, FL, LA, NC, OH, TN, UT on the lines in force on 2025-09-04",89
2025-09-05,43.79,2025-09-05,trailing year,2.8249,52,53451.5,12,2026-09-29,"AL, CA, FL, LA, NC, OH, TN, UT on the lines in force on 2025-09-05",89
2025-09-06,43.79,2025-09-05,trailing year,2.8249,52,53451.5,12,2026-09-29,"AL, CA, FL, LA, NC, OH, TN, UT on the lines in force on 2025-09-06",89
2025-09-07,43.84,2025-09-07,trailing year,2.8249,52,53451.5,12,2026-09-29,"AL, CA, FL, LA, NC, OH, TN, UT on the lines in force on 2025-09-07",89
2025-09-08,43.84,2025-09-07,trailing year,2.8335,52,53451.5,12,2026-09-29,"AL, CA, FL, LA, NC, OH, TN, UT on the lines in force on 2025-09-08",89
2025-09-09,43.84,2025-09-07,trailing year,2.8335,52,53451.5,12,2026-09-29,"AL, CA, FL, LA, NC, OH, TN, UT on the lines in force on 2025-09-09",89
2025-09-10,43.84,2025-09-07,trailing year,2.8335,52,53451.5,12,2026-09-29,"AL, CA, FL, LA, NC, OH, TN, UT on the lines in force on 2025-09-10",89
2025-09-11,43.84,2025-09-07,trailing year,2.8335,52,53451.5,12,2026-09-29,"AL, CA, FL, LA, NC, OH, TN, UT on the lines in force on 2025-09-11",89
2025-09-12,43.84,2025-09-07,trailing year,2.8335,52,53451.5,12,2026-09-29,"AL, CA, FL, LA, NC, OH, TN, UT on the lines in force on 2025-09-12",89
2025-09-13,43.84,2025-09-07,trailing year,2.8335,52,53451.5,12,2026-09-29,"AL, CA, FL, LA, NC, OH, TN, UT on the lines in force on 2025-09-13",89
2025-09-14,43.84,2025-09-07,trailing year,2.8335,52,53451.5,12,2026-09-29,"AL, CA, FL, LA, NC, OH, TN, UT on the lines in force on 2025-09-14",89
2025-09-15,43.84,2025-09-07,trailing year,2.8444,52,53451.5,12,2026-09-29,"AL, CA, FL, LA, NC, OH, TN, UT on the lines in force on 2025-09-15",89
2025-09-16,43.56,2025-09-16,trailing year,2.8444,52,53451.5,12,2026-09-29,"AL, CA, FL, LA, NC, OH, TN, UT on the lines in force on 2025-09-16",89
2025-09-17,43.56,2025-09-16,trailing year,2.8444,52,53451.5,12,2026-09-29,"AL, CA, FL, LA, NC, OH, TN, UT on the lines in force on 2025-09-17",89
2025-09-18,43.56,2025-09-16,trailing year,2.8444,52,53451.5,12,2026-09-29,"AL, CA, FL, LA, NC, OH, TN, UT on the lines in force on 2025-09-18",89
2025-09-19,43.83,2025-09-19,trailing year,2.8444,52,53451.5,12,2026-09-29,"AL, CA, FL, LA, NC, OH, TN, UT on the lines in force on 2025-09-19",89
2025-09-20,44.0,2025-09-20,trailing year,2.8444,52,53451.5,12,2026-09-29,"AL, CA, FL, LA, NC, OH, TN, UT on the lines in force on 2025-09-20",89
2025-09-21,44.03,2025-09-21,trailing year,2.8444,52,53451.5,12,2026-09-29,"AL, CA, FL, LA, NC, OH, TN, UT on the lines in force on 2025-09-21",89
2025-09-22,44.03,2025-09-22,trailing year,2.8548,52,53451.5,12,2026-09-29,"AL, CA, FL, LA, NC, OH, TN, UT on the lines in force on 2025-09-22",89
2025-09-23,44.03,2025-09-22,trailing year,2.8548,52,53451.5,12,2026-09-29,"AL, CA, FL, LA, NC, OH, TN, UT on the lines in force on 2025-09-23",89
2025-09-24,43.64,2025-09-24,trailing year,2.8548,52,53451.5,12,2026-09-29,"AL, CA, FL, LA, NC, OH, TN, UT on the lines in force on 2025-09-24",89
2025-09-25,43.64,2025-09-24,trailing year,2.8548,52,53451.5,12,2026-09-29,"AL, CA, FL, LA, NC, OH, TN, UT on the lines in force on 2025-09-25",89
2025-09-26,43.64,2025-09-24,trailing year,2.8548,52,53451.5,12,2026-09-29,"AL, CA, FL, LA, NC, OH, TN, UT on the lines in force on 2025-09-26",89
2025-09-27,43.64,2025-09-24,trailing year,2.8548,52,53451.5,12,2026-09-29,"AL, CA, FL, LA, NC, OH, TN, UT on the lines in force on 2025-09-27",89
2025-09-28,43.27,2025-09-28,trailing year,2.8548,52,53451.5,12,2026-09-29,"AL, CA, FL, LA, MO, NC, OH, TN, UT on the lines in force on 2025-09-28",94
2025-09-29,43.27,2025-09-28,trailing year,2.8638,52,53451.5,12,2026-09-29,"AL, CA, FL, LA, MO, NC, OH, TN, UT on the lines in force on 2025-09-29",94
2025-09-30,43.27,2025-09-28,trailing year,2.8638,52,53429.4,12,2026-09-29,"AL, CA, FL, LA, MO, NC, OH, TN, UT on the lines in force on 2025-09-30",94
2025-10-01,43.27,2025-09-28,trailing year,2.8638,52,53429.4,12,2026-09-29,"AL, CA, FL, LA, MO, NC, OH, TN, UT on the lines in force on 2025-10-01",94
2025-10-02,43.27,2025-10-02,trailing year,2.8638,52,53429.4,12,2026-09-29,"AL, CA, FL, LA, MO, NC, OH, TN, UT on the lines in force on 2025-10-02",94
2025-10-03,43.27,2025-10-02,trailing year,2.8638,52,53429.4,12,2026-09-29,"AL, CA, FL, LA, MO, NC, OH, TN, UT on the lines in force on 2025-10-03",94
2025-10-04,43.18,2025-10-04,trailing year,2.8638,52,53429.4,12,2026-09-29,"AL, CA, FL, LA, MO, NC, OH, TN, UT on the lines in force on 2025-10-04",94
2025-10-05,43.18,2025-10-04,trailing year,2.8638,52,53429.4,12,2026-09-29,"AL, CA, FL, LA, MO, NC, OH, TN, UT on the lines in force on 2025-10-05",94
2025-10-06,43.18,2025-10-04,trailing year,2.8725,52,53429.4,12,2026-09-29,"AL, CA, FL, LA, MO, NC, OH, TN, UT on the lines in force on 2025-10-06",94
2025-10-07,43.12,2025-10-07,trailing year,2.8725,52,53429.4,12,2026-09-29,"AL, CA, FL, LA, MO, NC, OH, TN, UT on the lines in force on 2025-10-07",94
2025-10-08,43.12,2025-10-07,trailing year,2.8725,52,53429.4,12,2026-09-29,"AL, CA, FL, LA, MO, NC, OH, TN, UT on the lines in force on 2025-10-08",94
2025-10-09,42.76,2025-10-09,trailing year,2.8725,52,53429.4,12,2026-09-29,"AL, CA, FL, LA, MO, NC, OH, TN, UT on the lines in force on 2025-10-09",94
2025-10-10,42.76,2025-10-09,trailing year,2.8725,52,53429.4,12,2026-09-29,"AL, CA, FL, LA, MO, NC, OH, TN, UT on the lines in force on 2025-10-10",94
2025-10-11,42.76,2025-10-09,trailing year,2.8725,52,53429.4,12,2026-09-29,"AL, CA, FL, LA, MO, NC, OH, TN, UT on the lines in force on 2025-10-11",94
2025-10-12,43.02,2025-10-12,trailing year,2.8725,52,53429.4,12,2026-09-29,"AL, CA, FL, LA, MO, NC, OH, TN, UT on the lines in force on 2025-10-12",94
2025-10-13,43.02,2025-10-12,trailing year,2.8773,52,53429.4,12,2026-09-29,"AL, CA, FL, LA, MO, NC, OH, TN, UT on the lines in force on 2025-10-13",94
2025-10-14,43.02,2025-10-12,trailing year,2.8773,52,53429.4,12,2026-09-29,"AL, CA, FL, LA, MO, NC, OH, TN, UT on the lines in force on 2025-10-14",94
2025-10-15,43.02,2025-10-12,trailing year,2.8773,52,53429.4,12,2026-09-29,"AL, CA, FL, LA, MO, NC, OH, TN, UT on the lines in force on 2025-10-15",94
2025-10-16,43.02,2025-10-12,trailing year,2.8773,52,53429.4,12,2026-09-29,"AL, CA, FL, LA, MO, NC, OH, TN, UT on the lines in force on 2025-10-16",94
2025-10-17,43.41,2025-10-17,trailing year,2.8773,52,53429.4,12,2026-09-29,"AL, CA, FL, LA, MO, NC, OH, TN, UT on the lines in force on 2025-10-17",94
2025-10-18,43.41,2025-10-17,trailing year,2.8773,52,53429.4,12,2026-09-29,"AL, CA, FL, LA, MO, NC, OH, TN, UT on the lines in force on 2025-10-18",94
2025-10-19,43.41,2025-10-17,trailing year,2.8773,52,53429.4,12,2026-09-29,"AL, CA, FL, LA, MO, NC, OH, TN, UT on the lines in force on 2025-10-19",94
2025-10-20,43.41,2025-10-17,trailing year,2.8815,52,53429.4,12,2026-09-29,"AL, CA, FL, LA, MO, NC, OH, TN, UT on the lines in force on 2025-10-20",94
2025-10-21,43.41,2025-10-17,trailing year,2.8815,52,53429.4,12,2026-09-29,"AL, CA, FL, LA, MO, NC, OH, TN, UT on the lines in force on 2025-10-21",94
2025-10-22,43.41,2025-10-17,trailing year,2.8815,52,53429.4,12,2026-09-29,"AL, CA, FL, LA, MO, OH, TN, UT on the lines in force on 2025-10-22",92
2025-10-23,43.03,2025-10-23,trailing year,2.8815,52,53429.4,12,2026-09-29,"AL, CA, FL, LA, MO, OH, TN, UT on the lines in force on 2025-10-23",92
2025-10-24,43.03,2025-10-23,trailing year,2.8815,52,53429.4,12,2026-09-29,"AL, CA, FL, LA, MO, OH, TN, UT on the lines in force on 2025-10-24",92
2025-10-25,43.03,2025-10-23,trailing year,2.8815,52,53429.4,12,2026-09-29,"AL, CA, FL, LA, MO, OH, TN, UT on the lines in force on 2025-10-25",92
2025-10-26,43.03,2025-10-23,trailing year,2.8815,52,53429.4,12,2026-09-29,"AL, CA, FL, LA, MO, OH, TN, UT on the lines in force on 2025-10-26",92
2025-10-27,43.03,2025-10-23,trailing year,2.8866,52,53429.4,12,2026-09-29,"AL, CA, FL, LA, MO, OH, TN, UT on the lines in force on 2025-10-27",92
2025-10-28,43.07,2025-10-28,trailing year,2.8866,52,53429.4,12,2026-09-29,"AL, CA, FL, LA, MO, OH, TN, UT on the lines in force on 2025-10-28",92
2025-10-29,42.86,2025-10-29,trailing year,2.8866,52,53429.4,12,2026-09-29,"AL, CA, FL, LA, MO, OH, TN, UT on the lines in force on 2025-10-29",92
2025-10-30,42.86,2025-10-30,trailing year,2.8866,52,53429.4,12,2026-09-29,"AL, CA, FL, LA, MO, OH, TN, UT on the lines in force on 2025-10-30",92
2025-10-31,42.86,2025-10-31,trailing year,2.8866,52,53404.3,12,2026-09-29,"AL, CA, FL, LA, MO, TN, UT on the lines in force on 2025-10-31",80
2025-11-01,42.86,2025-10-31,trailing year,2.8866,52,53404.3,12,2026-09-29,"AL, CA, FL, LA, MO, TN, UT on the lines in force on 2025-11-01",80
2025-11-02,42.86,2025-10-31,trailing year,2.8866,52,53404.3,12,2026-09-29,"AL, CA, FL, LA, MO, TN, UT on the lines in force on 2025-11-02",80
2025-11-03,42.57,2025-11-03,trailing year,2.8911,52,53404.3,12,2026-09-29,"AL, CA, FL, LA, MO, TN, UT on the lines in force on 2025-11-03",80
2025-11-04,42.06,2025-11-04,trailing year,2.8911,52,53404.3,12,2026-09-29,"AL, FL, LA, MO, TN, UT on the lines in force on 2025-11-04",41
2025-11-05,42.06,2025-11-04,trailing year,2.8911,52,53404.3,12,2026-09-29,"AL, FL, LA, MO, TN, UT on the lines in force on 2025-11-05",41
2025-11-06,42.03,2025-11-06,trailing year,2.8911,52,53404.3,12,2026-09-29,"AL, FL, LA, MO, TN, UT on the lines in force on 2025-11-06",41
2025-11-07,41.72,2025-11-07,trailing year,2.8911,52,53404.3,12,2026-09-29,"AL, FL, LA, MO, TN, UT on the lines in force on 2025-11-07",41
2025-11-08,41.72,2025-11-07,trailing year,2.8911,52,53404.3,12,2026-09-29,"AL, FL, LA, MO, TN, UT on the lines in force on 2025-11-08",41
2025-11-09,41.72,2025-11-07,trailing year,2.8911,52,53404.3,12,2026-09-29,"AL, FL, LA, MO, TN, UT on the lines in force on 2025-11-09",41
2025-11-10,41.76,2025-11-10,trailing year,2.8962,52,53404.3,12,2026-09-29,"AL, FL, LA, MO, TN on the lines in force on 2025-11-10",37
2025-11-11,41.68,2025-11-11,trailing year,2.8962,52,53404.3,12,2026-09-29,"AL, FL, LA, MO, TN on the lines in force on 2025-11-11",37
2025-11-12,41.39,2025-11-12,trailing year,2.8962,52,53404.3,12,2026-09-29,"AL, FL, LA, MO, TN on the lines in force on 2025-11-12",37
2025-11-13,41.24,2025-11-13,trailing year,2.8962,52,53404.3,12,2026-09-29,"AL, FL, LA, MO, TN on the lines in force on 2025-11-13",37
2025-11-14,41.2,2025-11-14,trailing year,2.8962,52,53404.3,12,2026-09-29,"AL, FL, LA, MO, TN on the lines in force on 2025-11-14",37
2025-11-15,41.31,2025-11-15,trailing year,2.8962,52,53404.3,12,2026-09-29,"AL, FL, LA, MO, TN on the lines in force on 2025-11-15",37
2025-11-16,41.31,2025-11-16,trailing year,2.8962,52,53404.3,12,2026-09-29,"AL, FL, LA, MO, TN on the lines in force on 2025-11-16",37
2025-11-17,41.31,2025-11-16,trailing year,2.9005,52,53404.3,12,2026-09-29,"AL, FL, LA, MO, TN on the lines in force on 2025-11-17",37
2025-11-18,41.47,2025-11-18,trailing year,2.9005,52,53404.3,12,2026-09-29,"AL, FL, LA, MO, TN on the lines in force on 2025-11-18",37
2025-11-19,41.46,2025-11-19,trailing year,2.9005,52,53404.3,12,2026-09-29,"AL, FL, LA, MO, TN on the lines in force on 2025-11-19",37
2025-11-20,41.41,2025-11-20,trailing year,2.9005,52,53404.3,12,2026-09-29,"AL, FL, LA, MO, TN on the lines in force on 2025-11-20",37
2025-11-21,41.31,2025-11-21,trailing year,2.9005,52,53404.3,12,2026-09-29,"AL, FL, LA, MO, TN on the lines in force on 2025-11-21",37
2025-11-22,41.31,2025-11-22,trailing year,2.9005,52,53404.3,12,2026-09-29,"AL, FL, LA, MO, TN on the lines in force on 2025-11-22",37
2025-11-23,41.31,2025-11-23,trailing year,2.9005,52,53404.3,12,2026-09-29,"AL, FL, LA, MO, TN on the lines in force on 2025-11-23",37
2025-11-24,41.31,2025-11-24,trailing year,2.9041,52,53404.3,12,2026-09-29,"AL, FL, LA, MO, TN on the lines in force on 2025-11-24",37
2025-11-25,41.28,2025-11-25,trailing year,2.9041,52,53404.3,12,2026-09-29,"AL, FL, LA, MO, TN on the lines in force on 2025-11-25",37
2025-11-26,41.06,2025-11-26,trailing year,2.9041,52,53404.3,12,2026-09-29,"AL, FL, LA, MO, TN on the lines in force on 2025-11-26",37
2025-11-27,41.06,2025-11-26,trailing year,2.9041,52,53404.3,12,2026-09-29,"AL, FL, LA, MO, TN on the lines in force on 2025-11-27",37
2025-11-28,41.06,2025-11-26,trailing year,2.9041,52,53404.3,12,2026-09-29,"AL, FL, LA, MO, TN on the lines in force on 2025-11-28",37
2025-11-29,40.84,2025-11-29,trailing year,2.9041,52,53404.3,12,2026-09-29,"AL, FL, LA, MO, TN on the lines in force on 2025-11-29",37
2025-11-30,40.83,2025-11-30,trailing year,2.9041,52,53359.5,12,2026-09-29,"AL, FL, LA, MO, TN on the lines in force on 2025-11-30",37
2025-12-01,40.8,2025-12-01,trailing year,2.9066,52,53359.5,12,2026-09-29,"AL, FL, LA, MO, TN on the lines in force on 2025-12-01",37
2025-12-02,40.8,2025-12-01,trailing year,2.9066,52,53359.5,12,2026-09-29,"AL, FL, LA, MO, TN on the lines in force on 2025-12-02",37
2025-12-03,40.67,2025-12-03,trailing year,2.9066,52,53359.5,12,2026-09-29,"AL, FL, LA, MO, TN on the lines in force on 2025-12-03",37
2025-12-04,40.67,2025-12-04,trailing year,2.9066,52,53359.5,12,2026-09-29,"AL, FL, LA, MO, TN on the lines in force on 2025-12-04",37
2025-12-05,41.02,2025-12-05,trailing year,2.9066,52,53359.5,12,2026-09-29,"AL, FL, LA, MO, TN on the lines in force on 2025-12-05",37
2025-12-06,41.02,2025-12-05,trailing year,2.9066,52,53359.5,12,2026-09-29,"AL, FL, LA, MO, TN on the lines in force on 2025-12-06",37
2025-12-07,41.02,2025-12-05,trailing year,2.9066,52,53359.5,12,2026-09-29,"AL, FL, LA, MO, TN on the lines in force on 2025-12-07",37
2025-12-08,41.02,2025-12-05,trailing year,2.9075,52,53359.5,12,2026-09-29,"AL, FL, LA, MO, TN on the lines in force on 2025-12-08",37
2025-12-09,41.02,2025-12-09,trailing year,2.9075,52,53359.5,12,2026-09-29,"AL, FL, LA, MO, TN on the lines in force on 2025-12-09",37
2025-12-10,41.02,2025-12-09,trailing year,2.9075,52,53359.5,12,2026-09-29,"AL, FL, LA, MO, TN on the lines in force on 2025-12-10",37
2025-12-11,42.23,2025-12-11,trailing year,2.9075,52,53359.5,12,2026-09-29,"AL, FL, LA, MO, TN on the lines in force on 2025-12-11",37
2025-12-12,42.18,2025-12-12,trailing year,2.9075,52,53359.5,12,2026-09-29,"AL, FL, LA, MO, TN on the lines in force on 2025-12-12",37
2025-12-13,42.17,2025-12-13,trailing year,2.9075,52,53359.5,12,2026-09-29,"AL, FL, LA, MO, TN on the lines in force on 2025-12-13",37
2025-12-14,42.19,2025-12-14,trailing year,2.9075,52,53359.5,12,2026-09-29,"AL, FL, LA, MO, TN on the lines in force on 2025-12-14",37
2025-12-15,42.19,2025-12-14,trailing year,2.9059,52,53359.5,12,2026-09-29,"AL, FL, LA, MO, TN on the lines in force on 2025-12-15",37
2025-12-16,42.19,2025-12-14,trailing year,2.9059,52,53359.5,12,2026-09-29,"AL, FL, LA, MO, TN on the lines in force on 2025-12-16",37
2025-12-17,42.61,2025-12-17,trailing year,2.9059,52,53359.5,12,2026-09-29,"AL, FL, LA, MO, TN on the lines in force on 2025-12-17",37
2025-12-18,42.61,2025-12-17,trailing year,2.9059,52,53359.5,12,2026-09-29,"AL, FL, LA, MO, TN on the lines in force on 2025-12-18",37
2025-12-19,42.61,2025-12-17,trailing year,2.9059,52,53359.5,12,2026-09-29,"AL, FL, LA, MO, TN on the lines in force on 2025-12-19",37
2025-12-20,42.27,2025-12-20,trailing year,2.9059,52,53359.5,12,2026-09-29,"AL, FL, LA, MO, TN on the lines in force on 2025-12-20",37
2025-12-21,42.27,2025-12-20,trailing year,2.9059,52,53359.5,12,2026-09-29,"AL, FL, LA, MO, TN on the lines in force on 2025-12-21",37
2025-12-22,42.21,2025-12-22,trailing year,2.9042,52,53359.5,12,2026-09-29,"AL, FL, LA, MO, TN on the lines in force on 2025-12-22",37
2025-12-23,42.07,2025-12-23,trailing year,2.9042,52,53359.5,12,2026-09-29,"AL, FL, LA, MO, TN on the lines in force on 2025-12-23",37
2025-12-24,42.07,2025-12-23,trailing year,2.9042,52,53359.5,12,2026-09-29,"AL, FL, LA, MO, TN on the lines in force on 2025-12-24",37
2025-12-25,41.74,2025-12-25,trailing year,2.9042,52,53359.5,12,2026-09-29,"AL, FL, LA, MO, TN on the lines in force on 2025-12-25",37
2025-12-26,41.75,2025-12-26,trailing year,2.9042,52,53359.5,12,2026-09-29,"AL, FL, LA, MO, TN on the lines in force on 2025-12-26",37
2025-12-27,41.75,2025-12-27,trailing year,2.9042,52,53359.5,12,2026-09-29,"AL, FL, LA, MO, TN on the lines in force on 2025-12-27",37
2025-12-28,41.71,2025-12-28,trailing year,2.9042,52,53359.5,12,2026-09-29,"AL, FL, LA, MO, TN on the lines in force on 2025-12-28",37
2025-12-29,41.71,2025-12-28,trailing year,2.9021,52,53359.5,12,2026-09-29,"AL, FL, LA, MO, TN on the lines in force on 2025-12-29",37
2025-12-30,41.71,2025-12-30,trailing year,2.9021,52,53359.5,12,2026-09-29,"AL, FL, LA, MO, TN on the lines in force on 2025-12-30",37
2025-12-31,41.84,2025-12-31,trailing year,2.9021,52,53315.2,12,2026-09-29,"AL, FL, LA, MO, TN on the lines in force on 2025-12-31",37
2026-01-01,41.9,2026-01-01,trailing year,2.9021,52,53315.2,12,2026-09-29,"AL, FL, LA, MO, TN on the lines in force on 2026-01-01",37
2026-01-02,41.85,2026-01-02,trailing year,2.9021,52,53315.2,12,2026-09-29,"AL, FL, LA, MO, TN on the lines in force on 2026-01-02",37
2026-01-03,41.85,2026-01-02,trailing year,2.9021,52,53315.2,12,2026-09-29,"AL, FL, LA, MO, TN on the lines in force on 2026-01-03",37
2026-01-04,41.85,2026-01-04,trailing year,2.9021,52,53315.2,12,2026-09-29,"AL, FL, LA, MO, TN on the lines in force on 2026-01-04",37
2026-01-05,41.85,2026-01-04,2026 to date,2.796,1,52689.0,0,2026-09-29,"AL, FL, LA, MO, TN on the lines in force on 2026-01-05",37
2026-01-06,41.95,2026-01-06,2026 to date,2.796,1,52689.0,0,2026-09-29,"AL, FL, LA, MO, TN on the lines in force on 2026-01-06",37
2026-01-07,41.88,2026-01-07,2026 to date,2.796,1,52689.0,0,2026-09-29,"AL, FL, LA, MO, TN on the lines in force on 2026-01-07",37
2026-01-08,41.88,2026-01-07,2026 to date,2.796,1,52689.0,0,2026-09-29,"AL, FL, LA, MO, TN on the lines in force on 2026-01-08",37
2026-01-09,41.88,2026-01-09,2026 to date,2.796,1,52689.0,0,2026-09-29,"AL, FL, LA, MO, TN on the lines in force on 2026-01-09",37
2026-01-10,41.88,2026-01-09,2026 to date,2.796,1,52689.0,0,2026-09-29,"AL, FL, LA, MO, TN on the lines in force on 2026-01-10",37
2026-01-11,41.88,2026-01-09,2026 to date,2.796,1,52689.0,0,2026-09-29,"AL, FL, LA, MO, TN on the lines in force on 2026-01-11",37
2026-01-12,41.73,2026-01-12,2026 to date,2.7875,2,52689.0,0,2026-09-29,"AL, FL, LA, MO, TN on the lines in force on 2026-01-12",37
2026-01-13,41.73,2026-01-12,2026 to date,2.7875,2,52689.0,0,2026-09-29,"AL, FL, LA, MO, TN on the lines in force on 2026-01-13",37
2026-01-14,41.65,2026-01-14,2026 to date,2.7875,2,52689.0,0,2026-09-29,"AL, FL, LA, MO, TN on the lines in force on 2026-01-14",37
2026-01-15,41.6,2026-01-15,2026 to date,2.7875,2,52689.0,0,2026-09-29,"AL, FL, LA, MO, TN on the lines in force on 2026-01-15",37
2026-01-16,41.4,2026-01-16,2026 to date,2.7875,2,52689.0,0,2026-09-29,"AL, FL, LA, MO, TN on the lines in force on 2026-01-16",37
2026-01-17,41.4,2026-01-16,2026 to date,2.7875,2,52689.0,0,2026-09-29,"AL, FL, LA, MO, TN on the lines in force on 2026-01-17",37
2026-01-18,41.4,2026-01-16,2026 to date,2.7875,2,52689.0,0,2026-09-29,"AL, FL, LA, MO, TN on the lines in force on 2026-01-18",37
2026-01-19,41.4,2026-01-16,2026 to date,2.7937,3,52689.0,0,2026-09-29,"AL, FL, LA, MO, TN on the lines in force on 2026-01-19",37
2026-01-20,41.0,2026-01-20,2026 to date,2.7937,3,52689.0,0,2026-09-29,"AL, FL, LA, MO, TN on the lines in force on 2026-01-20",37
2026-01-21,40.69,2026-01-21,2026 to date,2.7937,3,52689.0,0,2026-09-29,"AL, FL, LA, MO, TN on the lines in force on 2026-01-21",37
2026-01-22,40.74,2026-01-22,2026 to date,2.7937,3,52689.0,0,2026-09-29,"AL, FL, LA, MO, TN on the lines in force on 2026-01-22",37
2026-01-23,40.74,2026-01-22,2026 to date,2.7937,3,52689.0,0,2026-09-29,"AL, FL, LA, MO, TN on the lines in force on 2026-01-23",37
2026-01-24,40.74,2026-01-22,2026 to date,2.7937,3,52689.0,0,2026-09-29,"AL, FL, LA, MO, TN on the lines in force on 2026-01-24",37
2026-01-25,40.79,2026-01-25,2026 to date,2.7937,3,52689.0,0,2026-09-29,"AL, FL, LA, MO, TN on the lines in force on 2026-01-25",37
2026-01-26,40.79,2026-01-25,2026 to date,2.8085,4,52689.0,0,2026-09-29,"AL, FL, LA, MO, TN on the lines in force on 2026-01-26",37
2026-01-27,40.78,2026-01-27,2026 to date,2.8085,4,52689.0,0,2026-09-29,"AL, FL, LA, MO, TN on the lines in force on 2026-01-27",37
2026-01-28,40.83,2026-01-28,2026 to date,2.8085,4,52689.0,0,2026-09-29,"AL, FL, LA, MO, TN on the lines in force on 2026-01-28",37
2026-01-29,40.83,2026-01-29,2026 to date,2.8085,4,52689.0,0,2026-09-29,"AL, FL, LA, MO, TN on the lines in force on 2026-01-29",37
2026-01-30,40.98,2026-01-30,2026 to date,2.8085,4,52689.0,0,2026-09-29,"AL, FL, LA, MO, TN on the lines in force on 2026-01-30",37
2026-01-31,40.98,2026-01-30,2026 to date,2.8085,4,52689.0,0,2026-09-29,"AL, FL, LA, MO, TN on the lines in force on 2026-01-31",37
2026-02-01,40.96,2026-02-01,2026 to date,2.8085,4,52689.0,0,2026-09-29,"AL, FL, LA, MO, TN on the lines in force on 2026-02-01",37
2026-02-02,40.96,2026-02-01,2026 to date,2.8202,5,52689.0,0,2026-09-29,"AL, FL, LA, MO, TN on the lines in force on 2026-02-02",37
2026-02-03,40.96,2026-02-03,2026 to date,2.8202,5,52689.0,0,2026-09-29,"AL, FL, LA, MO, TN on the lines in force on 2026-02-03",37
2026-02-04,41.47,2026-02-04,2026 to date,2.8202,5,52689.0,0,2026-09-29,"AL, FL, LA, MO, TN on the lines in force on 2026-02-04",37
2026-02-05,41.18,2026-02-05,2026 to date,2.8202,5,52689.0,0,2026-09-29,"AL, FL, LA, MO, TN on the lines in force on 2026-02-05",37
2026-02-06,41.14,2026-02-06,2026 to date,2.8202,5,52689.0,0,2026-09-29,"AL, FL, LA, MO, TN on the lines in force on 2026-02-06",37
2026-02-07,41.14,2026-02-07,2026 to date,2.8202,5,52689.0,0,2026-09-29,"AL, FL, LA, MO, TN on the lines in force on 2026-02-07",37
2026-02-08,41.14,2026-02-07,2026 to date,2.8202,5,52689.0,0,2026-09-29,"AL, FL, LA, MO, TN on the lines in force on 2026-02-08",37
2026-02-09,41.14,2026-02-07,2026 to date,2.8338,6,52689.0,0,2026-09-29,"AL, FL, LA, MO, TN on the lines in force on 2026-02-09",37
2026-02-10,40.98,2026-02-10,2026 to date,2.8338,6,52689.0,0,2026-09-29,"AL, FL, LA, MO, TN on the lines in force on 2026-02-10",37
2026-02-11,40.8,2026-02-11,2026 to date,2.8338,6,52689.0,0,2026-09-29,"AL, FL, LA, MO, TN on the lines in force on 2026-02-11",37
2026-02-12,40.72,2026-02-12,2026 to date,2.8338,6,52689.0,0,2026-09-29,"AL, FL, LA, MO, TN on the lines in force on 2026-02-12",37
2026-02-13,37.3,2026-02-13,2026 to date,2.8338,6,52689.0,0,2026-09-29,"AL, FL, LA, MO, TN on the lines in force on 2026-02-13",37
2026-02-14,37.3,2026-02-13,2026 to date,2.8338,6,52689.0,0,2026-09-29,"AL, FL, LA, MO, TN on the lines in force on 2026-02-14",37
2026-02-15,37.3,2026-02-13,2026 to date,2.8338,6,52689.0,0,2026-09-29,"AL, FL, LA, MO, TN on the lines in force on 2026-02-15",37
2026-02-16,37.3,2026-02-13,2026 to date,2.8467,7,52689.0,0,2026-09-29,"AL, FL, LA, MO, TN on the lines in force on 2026-02-16",37
2026-02-17,40.29,2026-02-17,2026 to date,2.8467,7,52689.0,0,2026-09-29,"AL, FL, LA, MO, TN on the lines in force on 2026-02-17",37
2026-02-18,40.18,2026-02-18,2026 to date,2.8467,7,52689.0,0,2026-09-29,"AL, FL, LA, MO, TN on the lines in force on 2026-02-18",37
2026-02-19,40.18,2026-02-18,2026 to date,2.8467,7,52689.0,0,2026-09-29,"AL, FL, LA, MO, TN on the lines in force on 2026-02-19",37
2026-02-20,40.56,2026-02-20,2026 to date,2.8467,7,52689.0,0,2026-09-29,"AL, FL, LA, MO, TN on the lines in force on 2026-02-20",37
2026-02-21,40.72,2026-02-21,2026 to date,2.8467,7,52689.0,0,2026-09-29,"AL, FL, LA, MO, TN on the lines in force on 2026-02-21",37
2026-02-22,40.65,2026-02-22,2026 to date,2.8467,7,52689.0,0,2026-09-29,"AL, FL, LA, MO, TN on the lines in force on 2026-02-22",37
2026-02-23,40.42,2026-02-23,2026 to date,2.858,8,52689.0,0,2026-09-29,"AL, FL, LA, MO, TN on the lines in force on 2026-02-23",37
2026-02-24,40.52,2026-02-24,2026 to date,2.858,8,52689.0,0,2026-09-29,"AL, FL, LA, MO, TN on the lines in force on 2026-02-24",37
2026-02-25,40.49,2026-02-25,2026 to date,2.858,8,52689.0,0,2026-09-29,"AL, FL, LA, MO, TN on the lines in force on 2026-02-25",37
2026-02-26,40.49,2026-02-26,2026 to date,2.858,8,52689.0,0,2026-09-29,"AL, FL, LA, MO, TN on the lines in force on 2026-02-26",37
2026-02-27,40.93,2026-02-27,2026 to date,2.858,8,52689.0,0,2026-09-29,"AL, FL, LA, MO, TN on the lines in force on 2026-02-27",37
2026-02-28,40.93,2026-02-27,2026 to date,2.858,8,52941.0,1,2026-09-29,"AL, FL, LA, MO, TN on the lines in force on 2026-02-28",37
2026-03-01,40.93,2026-02-27,2026 to date,2.858,8,52941.0,1,2026-09-29,"AL, FL, LA, MO, TN on the lines in force on 2026-03-01",37
2026-03-02,40.85,2026-03-02,2026 to date,2.8754,9,52941.0,1,2026-09-29,"AL, FL, LA, MO, TN on the lines in force on 2026-03-02",37
2026-03-03,40.77,2026-03-03,2026 to date,2.8754,9,52941.0,1,2026-09-29,"AL, FL, LA, MO, TN on the lines in force on 2026-03-03",37
2026-03-04,40.77,2026-03-03,2026 to date,2.8754,9,52941.0,1,2026-09-29,"AL, FL, LA, MO, TN on the lines in force on 2026-03-04",37
2026-03-05,40.77,2026-03-03,2026 to date,2.8754,9,52941.0,1,2026-09-29,"AL, FL, LA, MO, TN on the lines in force on 2026-03-05",37
2026-03-06,40.9,2026-03-06,2026 to date,2.8754,9,52941.0,1,2026-09-29,"AL, FL, LA, MO, TN on the lines in force on 2026-03-06",37
2026-03-07,40.9,2026-03-06,2026 to date,2.8754,9,52941.0,1,2026-09-29,"AL, FL, LA, MO, TN on the lines in force on 2026-03-07",37
2026-03-08,40.9,2026-03-06,2026 to date,2.8754,9,52941.0,1,2026-09-29,"AL, FL, LA, MO, TN on the lines in force on 2026-03-08",37
2026-03-09,41.02,2026-03-09,2026 to date,2.9381,10,52941.0,1,2026-09-29,"AL, FL, LA, MO, TN on the lines in force on 2026-03-09",37
2026-03-10,40.91,2026-03-10,2026 to date,2.9381,10,52941.0,1,2026-09-29,"AL, FL, LA, MO, TN on the lines in force on 2026-03-10",37
2026-03-11,40.69,2026-03-11,2026 to date,2.9381,10,52941.0,1,2026-09-29,"AL, FL, LA, MO, TN on the lines in force on 2026-03-11",37
2026-03-12,40.9,2026-03-12,2026 to date,2.9381,10,52941.0,1,2026-09-29,"AL, FL, LA, MO, TN on the lines in force on 2026-03-12",37
2026-03-13,40.9,2026-03-13,2026 to date,2.9381,10,52941.0,1,2026-09-29,"AL, FL, LA, MO, TN on the lines in force on 2026-03-13",37
2026-03-14,40.9,2026-03-13,2026 to date,2.9381,10,52941.0,1,2026-09-29,"AL, FL, LA, MO, TN on the lines in force on 2026-03-14",37
2026-03-15,40.9,2026-03-13,2026 to date,2.9381,10,52941.0,1,2026-09-29,"AL, FL, LA, MO, TN on the lines in force on 2026-03-15",37
2026-03-16,40.86,2026-03-16,2026 to date,3.0092,11,52941.0,1,2026-09-29,"AL, FL, LA, MO, TN on the lines in force on 2026-03-16",37
2026-03-17,40.86,2026-03-16,2026 to date,3.0092,11,52941.0,1,2026-09-29,"AL, FL, LA, MO, TN on the lines in force on 2026-03-17",37
2026-03-18,40.39,2026-03-18,2026 to date,3.0092,11,52941.0,1,2026-09-29,"AL, FL, LA, MO, TN on the lines in force on 2026-03-18",37
2026-03-19,40.39,2026-03-18,2026 to date,3.0092,11,52941.0,1,2026-09-29,"AL, FL, LA, MO, TN on the lines in force on 2026-03-19",37
2026-03-20,40.32,2026-03-20,2026 to date,3.0092,11,52941.0,1,2026-09-29,"AL, FL, LA, MO, TN on the lines in force on 2026-03-20",37
2026-03-21,40.32,2026-03-20,2026 to date,3.0092,11,52941.0,1,2026-09-29,"AL, FL, LA, MO, TN on the lines in force on 2026-03-21",37
2026-03-22,40.25,2026-03-22,2026 to date,3.0092,11,52941.0,1,2026-09-29,"AL, FL, LA, MO, TN on the lines in force on 2026-03-22",37
2026-03-23,40.36,2026-03-23,2026 to date,3.0885,12,52941.0,1,2026-09-29,"AL, FL, LA, MO, TN on the lines in force on 2026-03-23",37
2026-03-24,40.02,2026-03-24,2026 to date,3.0885,12,52941.0,1,2026-09-29,"AL, FL, LA, MO, TN on the lines in force on 2026-03-24",37
2026-03-25,39.92,2026-03-25,2026 to date,3.0885,12,52941.0,1,2026-09-29,"AL, FL, LA, MO, TN on the lines in force on 2026-03-25",37
2026-03-26,39.85,2026-03-26,2026 to date,3.0885,12,52941.0,1,2026-09-29,"AL, FL, LA, MO, TN on the lines in force on 2026-03-26",37
2026-03-27,39.82,2026-03-27,2026 to date,3.0885,12,52941.0,1,2026-09-29,"AL, FL, LA, MO, TN on the lines in force on 2026-03-27",37
2026-03-28,39.82,2026-03-27,2026 to date,3.0885,12,52941.0,1,2026-09-29,"AL, FL, LA, MO, TN on the lines in force on 2026-03-28",37
2026-03-29,39.82,2026-03-27,2026 to date,3.0885,12,52941.0,1,2026-09-29,"AL, FL, LA, MO, TN on the lines in force on 2026-03-29",37
2026-03-30,39.53,2026-03-30,2026 to date,3.1578,13,52941.0,1,2026-09-29,"AL, FL, LA, MO, TN on the lines in force on 2026-03-30",37
2026-03-31,39.36,2026-03-31,2026 to date,3.1578,13,52817.5,2,2026-09-29,"AL, FL, LA, MO, TN on the lines in force on 2026-03-31",37
2026-04-01,39.36,2026-03-31,2026 to date,3.1578,13,52817.5,2,2026-09-29,"AL, FL, LA, MO, TN on the lines in force on 2026-04-01",37
2026-04-02,39.22,2026-04-02,2026 to date,3.1578,13,52817.5,2,2026-09-29,"AL, FL, LA, MO, TN on the lines in force on 2026-04-02",37
2026-04-03,38.93,2026-04-03,2026 to date,3.1578,13,52817.5,2,2026-09-29,"AL, FL, LA, MO, TN on the lines in force on 2026-04-03",37
2026-04-04,38.93,2026-04-03,2026 to date,3.1578,13,52817.5,2,2026-09-29,"AL, FL, LA, MO, TN on the lines in force on 2026-04-04",37
2026-04-05,38.93,2026-04-03,2026 to date,3.1578,13,52817.5,2,2026-09-29,"AL, FL, LA, MO, TN on the lines in force on 2026-04-05",37
2026-04-06,39.05,2026-04-06,2026 to date,3.2266,14,52817.5,2,2026-09-29,"AL, FL, LA, MO, TN on the lines in force on 2026-04-06",37
2026-04-07,39.05,2026-04-06,2026 to date,3.2266,14,52817.5,2,2026-09-29,"AL, FL, LA, MO, TN on the lines in force on 2026-04-07",37
2026-04-08,39.05,2026-04-06,2026 to date,3.2266,14,52817.5,2,2026-09-29,"AL, FL, LA, MO, TN on the lines in force on 2026-04-08",37
2026-04-09,39.05,2026-04-06,2026 to date,3.2266,14,52817.5,2,2026-09-29,"AL, FL, LA, MO, TN on the lines in force on 2026-04-09",37
2026-04-10,39.05,2026-04-06,2026 to date,3.2266,14,52817.5,2,2026-09-29,"AL, FL, LA, MO, TN on the lines in force on 2026-04-10",37
2026-04-11,39.05,2026-04-06,2026 to date,3.2266,14,52817.5,2,2026-09-29,"AL, FL, LA, MO, TN on the lines in force on 2026-04-11",37
2026-04-12,39.05,2026-04-06,2026 to date,3.2266,14,52817.5,2,2026-09-29,"AL, FL, LA, MO, TN on the lines in force on 2026-04-12",37
2026-04-13,39.05,2026-04-06,2026 to date,3.2863,15,52817.5,2,2026-09-29,"AL, FL, LA, MO, TN on the lines in force on 2026-04-13",37
2026-04-14,39.05,2026-04-06,2026 to date,3.2863,15,52817.5,2,2026-09-29,"AL, FL, LA, MO, TN on the lines in force on 2026-04-14",37
2026-04-15,39.05,2026-04-06,2026 to date,3.2863,15,52817.5,2,2026-09-29,"AL, FL, LA, MO, TN on the lines in force on 2026-04-15",37
2026-04-16,39.05,2026-04-06,2026 to date,3.2863,15,52817.5,2,2026-09-29,"AL, FL, LA, MO, TN on the lines in force on 2026-04-16",37
2026-04-17,39.05,2026-04-06,2026 to date,3.2863,15,52817.5,2,2026-09-29,"AL, FL, LA, MO, TN on the lines in force on 2026-04-17",37
2026-04-18,39.58,2026-04-18,2026 to date,3.2863,15,52817.5,2,2026-09-29,"AL, FL, LA, MO, TN on the lines in force on 2026-04-18",37
2026-04-19,39.5,2026-04-19,2026 to date,3.2863,15,52817.5,2,2026-09-29,"AL, FL, LA, MO, TN on the lines in force on 2026-04-19",37
2026-04-20,39.5,2026-04-19,2026 to date,3.3337,16,52817.5,2,2026-09-29,"AL, FL, LA, MO, TN on the lines in force on 2026-04-20",37
2026-04-21,39.5,2026-04-21,2026 to date,3.3337,16,52817.5,2,2026-09-29,"AL, FL, LA, MO, TN on the lines in force on 2026-04-21",37
2026-04-22,38.49,2026-04-22,2026 to date,3.3337,16,52817.5,2,2026-09-29,"AL, FL, LA, MO, TN on the lines in force on 2026-04-22",37
2026-04-23,38.49,2026-04-23,2026 to date,3.3337,16,52817.5,2,2026-09-29,"AL, FL, LA, MO, TN on the lines in force on 2026-04-23",37
2026-04-24,38.49,2026-04-24,2026 to date,3.3337,16,52817.5,2,2026-09-29,"AL, FL, LA, MO, TN on the lines in force on 2026-04-24",37
2026-04-25,38.49,2026-04-25,2026 to date,3.3337,16,52817.5,2,2026-09-29,"AL, FL, LA, MO, TN on the lines in force on 2026-04-25",37
2026-04-26,38.82,2026-04-26,2026 to date,3.3337,16,52817.5,2,2026-09-29,"AL, FL, LA, MO, TN on the lines in force on 2026-04-26",37
2026-04-27,38.82,2026-04-27,2026 to date,3.3801,17,52817.5,2,2026-09-29,"AL, FL, LA, MO, TN on the lines in force on 2026-04-27",37
2026-04-28,38.82,2026-04-27,2026 to date,3.3801,17,52817.5,2,2026-09-29,"AL, FL, LA, MO, TN on the lines in force on 2026-04-28",37
2026-04-29,38.9,2026-04-29,2026 to date,3.3801,17,52817.5,2,2026-09-29,"AL, FL, LA, MO, TN on the lines in force on 2026-04-29",37
2026-04-30,38.9,2026-04-29,2026 to date,3.3801,17,52753.0,3,2026-09-29,"AL, FL, LA, MO, TN on the lines in force on 2026-04-30",37
2026-05-01,38.91,2026-05-01,2026 to date,3.3801,17,52753.0,3,2026-09-29,"AL, FL, LA, MO, TN on the lines in force on 2026-05-01",37
2026-05-02,38.59,2026-05-02,2026 to date,3.3801,17,52753.0,3,2026-09-29,"AL, FL, LA, MO, TN on the lines in force on 2026-05-02",37
2026-05-03,38.59,2026-05-02,2026 to date,3.3801,17,52753.0,3,2026-09-29,"AL, FL, LA, MO, TN on the lines in force on 2026-05-03",37
2026-05-04,38.54,2026-05-04,2026 to date,3.4397,18,52753.0,3,2026-09-29,"AL, LA, MO, TN on the lines in force on 2026-05-04",21
2026-05-05,38.52,2026-05-05,2026 to date,3.4397,18,52753.0,3,2026-09-29,"AL, LA, MO, TN on the lines in force on 2026-05-05",21
2026-05-06,38.4,2026-05-06,2026 to date,3.4397,18,52753.0,3,2026-09-29,"AL, LA, MO, TN on the lines in force on 2026-05-06",21
2026-05-07,38.4,2026-05-06,2026 to date,3.4397,18,52753.0,3,2026-09-29,"AL, LA, MO on the lines in force on 2026-05-07",15
2026-05-08,38.35,2026-05-08,2026 to date,3.4397,18,52753.0,3,2026-09-29,"AL, LA, MO on the lines in force on 2026-05-08",15
2026-05-09,38.35,2026-05-09,2026 to date,3.4397,18,52753.0,3,2026-09-29,"AL, LA, MO on the lines in force on 2026-05-09",15
2026-05-10,38.35,2026-05-09,2026 to date,3.4397,18,52753.0,3,2026-09-29,"AL, LA, MO on the lines in force on 2026-05-10",15
2026-05-11,38.35,2026-05-09,2026 to date,3.4955,19,52753.0,3,2026-09-29,"AL, LA, MO on the lines in force on 2026-05-11",15
2026-05-12,38.27,2026-05-12,2026 to date,3.4955,19,52753.0,3,2026-09-29,"AL, LA, MO on the lines in force on 2026-05-12",15
2026-05-13,38.2,2026-05-13,2026 to date,3.4955,19,52753.0,3,2026-09-29,"AL, LA, MO on the lines in force on 2026-05-13",15
2026-05-14,38.2,2026-05-14,2026 to date,3.4955,19,52753.0,3,2026-09-29,"AL, LA, MO on the lines in force on 2026-05-14",15
2026-05-15,38.2,2026-05-14,2026 to date,3.4955,19,52753.0,3,2026-09-29,"AL, LA, MO on the lines in force on 2026-05-15",15
2026-05-16,38.2,2026-05-14,2026 to date,3.4955,19,52753.0,3,2026-09-29,"AL, LA, MO on the lines in force on 2026-05-16",15
2026-05-17,38.2,2026-05-14,2026 to date,3.4955,19,52753.0,3,2026-09-29,"AL, LA, MO on the lines in force on 2026-05-17",15
2026-05-18,38.17,2026-05-18,2026 to date,3.5452,20,52753.0,3,2026-09-29,"AL, LA, MO on the lines in force on 2026-05-18",15
2026-05-19,38.17,2026-05-19,2026 to date,3.5452,20,52753.0,3,2026-09-29,"AL, LA, MO on the lines in force on 2026-05-19",15
2026-05-20,38.17,2026-05-19,2026 to date,3.5452,20,52753.0,3,2026-09-29,"AL, LA, MO on the lines in force on 2026-05-20",15
2026-05-21,38.19,2026-05-21,2026 to date,3.5452,20,52753.0,3,2026-09-29,"AL, LA, MO on the lines in force on 2026-05-21",15
2026-05-22,38.19,2026-05-21,2026 to date,3.5452,20,52753.0,3,2026-09-29,"AL, LA, MO on the lines in force on 2026-05-22",15
2026-05-23,38.19,2026-05-21,2026 to date,3.5452,20,52753.0,3,2026-09-29,"AL, LA, MO on the lines in force on 2026-05-23",15
2026-05-24,38.19,2026-05-21,2026 to date,3.5452,20,52753.0,3,2026-09-29,"AL, LA, MO on the lines in force on 2026-05-24",15
2026-05-25,38.25,2026-05-25,2026 to date,3.5895,21,52753.0,3,2026-09-29,"AL, LA, MO on the lines in force on 2026-05-25",15
2026-05-26,38.25,2026-05-25,2026 to date,3.5895,21,52753.0,3,2026-09-29,"AL, LA, MO on the lines in force on 2026-05-26",15
2026-05-27,38.25,2026-05-27,2026 to date,3.5895,21,52753.0,3,2026-09-29,"AL, LA, MO on the lines in force on 2026-05-27",15
2026-05-28,38.25,2026-05-27,2026 to date,3.5895,21,52753.0,3,2026-09-29,"AL, LA, MO on the lines in force on 2026-05-28",15
2026-05-29,38.25,2026-05-27,2026 to date,3.5895,21,52753.0,3,2026-09-29,"AL, MO on the lines in force on 2026-05-29",9
2026-05-30,38.25,2026-05-27,2026 to date,3.5895,21,52753.0,3,2026-09-29,"AL, MO on the lines in force on 2026-05-30",9
2026-05-31,38.25,2026-05-27,2026 to date,3.5895,21,52665.2,4,2026-09-29,"AL, MO on the lines in force on 2026-05-31",9
2026-06-01,38.25,2026-06-01,2026 to date,3.622,22,52665.2,4,2026-09-29,"AL, MO on the lines in force on 2026-06-01",9
2026-06-02,38.25,2026-06-01,2026 to date,3.622,22,52665.2,4,2026-09-29,MO on the lines in force on 2026-06-02,5
2026-06-03,38.05,2026-06-03,2026 to date,3.622,22,52665.2,4,2026-09-29,MO on the lines in force on 2026-06-03,5
2026-06-04,38.05,2026-06-03,2026 to date,3.622,22,52665.2,4,2026-09-29,MO on the lines in force on 2026-06-04,5
2026-06-05,38.27,2026-06-05,2026 to date,3.622,22,52665.2,4,2026-09-29,MO on the lines in force on 2026-06-05,5
2026-06-06,38.27,2026-06-06,2026 to date,3.622,22,52665.2,4,2026-09-29,MO on the lines in force on 2026-06-06,5
2026-06-07,38.27,2026-06-06,2026 to date,3.622,22,52665.2,4,2026-09-29,MO on the lines in force on 2026-06-07,5
2026-06-08,38.27,2026-06-08,2026 to date,3.6448,23,52665.2,4,2026-09-29,MO on the lines in force on 2026-06-08,5
2026-06-09,38.27,2026-06-09,2026 to date,3.6448,23,52665.2,4,2026-09-29,MO on the lines in force on 2026-06-09,5
2026-06-10,38.27,2026-06-09,2026 to date,3.6448,23,52665.2,4,2026-09-29,MO on the lines in force on 2026-06-10,5
2026-06-11,38.27,2026-06-09,2026 to date,3.6448,23,52665.2,4,2026-09-29,MO on the lines in force on 2026-06-11,5
2026-06-12,38.27,2026-06-12,2026 to date,3.6448,23,52665.2,4,2026-09-29,MO on the lines in force on 2026-06-12,5
2026-06-13,38.27,2026-06-12,2026 to date,3.6448,23,52665.2,4,2026-09-29,MO on the lines in force on 2026-06-13,5
2026-06-14,38.27,2026-06-12,2026 to date,3.6448,23,52665.2,4,2026-09-29,MO on the lines in force on 2026-06-14,5
2026-06-15,38.27,2026-06-12,2026 to date,3.6618,24,52665.2,4,2026-09-29,MO on the lines in force on 2026-06-15,5
2026-06-16,38.27,2026-06-12,2026 to date,3.6618,24,52665.2,4,2026-09-29,MO on the lines in force on 2026-06-16,5
2026-06-17,38.27,2026-06-12,2026 to date,3.6618,24,52665.2,4,2026-09-29,MO on the lines in force on 2026-06-17,5
2026-06-18,38.27,2026-06-12,2026 to date,3.6618,24,52665.2,4,2026-09-29,MO on the lines in force on 2026-06-18,5
2026-06-19,38.31,2026-06-19,2026 to date,3.6618,24,52665.2,4,2026-09-29,MO on the lines in force on 2026-06-19,5
2026-06-20,39.17,2026-06-20,2026 to date,3.6618,24,52665.2,4,2026-09-29,MO on the lines in force on 2026-06-20,5
2026-06-21,39.17,2026-06-20,2026 to date,3.6618,24,52665.2,4,2026-09-29,MO on the lines in force on 2026-06-21,5
2026-06-22,39.17,2026-06-20,2026 to date,3.6718,25,52665.2,4,2026-09-29,MO on the lines in force on 2026-06-22,5
2026-06-23,39.17,2026-06-20,2026 to date,3.6718,25,52665.2,4,2026-09-29,MO on the lines in force on 2026-06-23,5
2026-06-24,39.17,2026-06-20,2026 to date,3.6718,25,52665.2,4,2026-09-29,MO on the lines in force on 2026-06-24,5
2026-06-25,39.17,2026-06-20,2026 to date,3.6718,25,52665.2,4,2026-09-29,MO on the lines in force on 2026-06-25,5
2026-06-26,39.17,2026-06-20,2026 to date,3.6718,25,52665.2,4,2026-09-29,MO on the lines in force on 2026-06-26,5
2026-06-27,39.17,2026-06-27,2026 to date,3.6718,25,52665.2,4,2026-09-29,MO on the lines in force on 2026-06-27,5
2026-06-28,39.17,2026-06-27,2026 to date,3.6718,25,52665.2,4,2026-09-29,MO on the lines in force on 2026-06-28,5
2026-06-29,39.17,2026-06-27,2026 to date,3.678,26,52665.2,4,2026-09-29,MO on the lines in force on 2026-06-29,5
2026-06-30,39.17,2026-06-27,2026 to date,3.678,26,52635.6,5,2026-09-29,MO on the lines in force on 2026-06-30,5
2026-07-01,39.17,2026-06-27,2026 to date,3.678,26,52635.6,5,2026-09-29,MO on the lines in force on 2026-07-01,5
2026-07-02,39.17,2026-06-27,2026 to date,3.678,26,52635.6,5,2026-09-29,MO on the lines in force on 2026-07-02,5
2026-07-03,39.2,2026-07-03,2026 to date,3.678,26,52635.6,5,2026-09-29,MO on the lines in force on 2026-07-03,5
2026-07-04,39.2,2026-07-03,2026 to date,3.678,26,52635.6,5,2026-09-29,MO on the lines in force on 2026-07-04,5
2026-07-05,39.2,2026-07-03,2026 to date,3.678,26,52635.6,5,2026-09-29,MO on the lines in force on 2026-07-05,5
2026-07-06,39.2,2026-07-03,2026 to date,3.6816,27,52635.6,5,2026-09-29,MO on the lines in force on 2026-07-06,5
2026-07-07,39.2,2026-07-03,2026 to date,3.6816,27,52635.6,5,2026-09-29,MO on the lines in force on 2026-07-07,5
2026-07-08,39.2,2026-07-03,2026 to date,3.6816,27,52635.6,5,2026-09-29,MO on the lines in force on 2026-07-08,5
2026-07-09,39.2,2026-07-09,2026 to date,3.6816,27,52635.6,5,2026-09-29,MO on the lines in force on 2026-07-09,5
2026-07-10,39.2,2026-07-09,2026 to date,3.6816,27,52635.6,5,2026-09-29,MO on the lines in force on 2026-07-10,5
2026-07-11,39.11,2026-07-11,2026 to date,3.6816,27,52635.6,5,2026-09-29,MO on the lines in force on 2026-07-11,5
2026-07-12,39.11,2026-07-11,2026 to date,3.6816,27,52635.6,5,2026-09-29,MO on the lines in force on 2026-07-12,5
2026-07-13,39.11,2026-07-11,2026 to date,3.6878,28,52635.6,5,2026-09-29,MO on the lines in force on 2026-07-13,5
2026-07-14,39.11,2026-07-11,2026 to date,3.6878,28,52635.6,5,2026-09-29,MO on the lines in force on 2026-07-14,5
2026-07-15,39.11,2026-07-11,2026 to date,3.6878,28,52635.6,5,2026-09-29,MO on the lines in force on 2026-07-15,5
2026-07-16,39.11,2026-07-11,2026 to date,3.6878,28,52635.6,5,2026-09-29,MO on the lines in force on 2026-07-16,5
2026-07-17,39.11,2026-07-11,2026 to date,3.6878,28,52635.6,5,2026-09-29,MO on the lines in force on 2026-07-17,5
2026-07-18,39.11,2026-07-11,2026 to date,3.6878,28,52635.6,5,2026-09-29,MO on the lines in force on 2026-07-18,5
2026-07-19,39.04,2026-07-19,2026 to date,3.6878,28,52635.6,5,2026-09-29,MO on the lines in force on 2026-07-19,5
2026-07-20,39.04,2026-07-19,2026 to date,3.6986,29,52635.6,5,2026-09-29,MO on the lines in force on 2026-07-20,5
2026-07-21,39.04,2026-07-19,2026 to date,3.6986,29,52635.6,5,2026-09-29,MO on the lines in force on 2026-07-21,5
2026-07-22,39.04,2026-07-19,2026 to date,3.6986,29,52635.6,5,2026-09-29,MO on the lines in force on 2026-07-22,5
2026-07-23,39.04,2026-07-23,2026 to date,3.6986,29,52635.6,5,2026-09-29,MO on the lines in force on 2026-07-23,5
2026-07-24,39.04,2026-07-23,2026 to date,3.6986,29,52635.6,5,2026-09-29,MO on the lines in force on 2026-07-24,5
2026-07-25,38.75,2026-07-25,2026 to date,3.6986,29,52635.6,5,2026-09-29,MO on the lines in force on 2026-07-25,5
2026-07-26,38.75,2026-07-25,2026 to date,3.6986,29,52635.6,5,2026-09-29,MO on the lines in force on 2026-07-26,5
2026-07-27,38.75,2026-07-25,2026 to date,3.7119,30,52635.6,5,2026-09-29,MO on the lines in force on 2026-07-27,5
2026-07-28,38.75,2026-07-25,2026 to date,3.7119,30,52635.6,5,2026-09-29,MO on the lines in force on 2026-07-28,5
2026-07-29,38.75,2026-07-25,2026 to date,3.7119,30,52635.6,5,2026-09-29,MO on the lines in force on 2026-07-29,5
2026-07-30,38.75,2026-07-30,2026 to date,3.7119,30,52635.6,5,2026-09-29,MO on the lines in force on 2026-07-30,5
2026-07-31,37.66,2026-07-31,2026 to date,3.7119,30,52640.7,6,2026-09-29,MO on the lines in force on 2026-07-31,5
2026-08-01,37.66,2026-07-31,2026 to date,3.7119,30,52640.7,6,2026-09-29,MO on the lines in force on 2026-08-01,5
2026-08-02,37.66,2026-08-02,2026 to date,3.7119,30,52640.7,6,2026-09-29,MO on the lines in force on 2026-08-02,5
2026-08-03,37.66,2026-08-03,2026 to date,3.7237,31,52640.7,6,2026-09-29,MO on the lines in force on 2026-08-03,5
2026-08-04,37.66,2026-08-03,2026 to date,3.7237,31,52640.7,6,2026-09-29,MO on the lines in force on 2026-08-04,5
2026-08-05,37.66,2026-08-05,2026 to date,3.7237,31,52640.7,6,2026-09-29,MO on the lines in force on 2026-08-05,5
2026-08-06,37.66,2026-08-05,2026 to date,3.7237,31,52640.7,6,2026-09-29,MO on the lines in force on 2026-08-06,5
2026-08-07,37.8,2026-08-07,2026 to date,3.7237,31,52640.7,6,2026-09-29,MO on the lines in force on 2026-08-07,5
2026-08-08,37.8,2026-08-07,2026 to date,3.7237,31,52640.7,6,2026-09-29,MO on the lines in force on 2026-08-08,5
2026-08-09,37.8,2026-08-07,2026 to date,3.7237,31,52640.7,6,2026-09-29,MO on the lines in force on 2026-08-09,5
2026-08-10,37.8,2026-08-07,2026 to date,3.7325,32,52640.7,6,2026-09-29,MO on the lines in force on 2026-08-10,5
2026-08-11,37.8,2026-08-07,2026 to date,3.7325,32,52640.7,6,2026-09-29,MO on the lines in force on 2026-08-11,5
2026-08-12,37.8,2026-08-07,2026 to date,3.7325,32,52640.7,6,2026-09-29,MO on the lines in force on 2026-08-12,5
2026-08-13,37.8,2026-08-07,2026 to date,3.7325,32,52640.7,6,2026-09-29,MO on the lines in force on 2026-08-13,5
2026-08-14,37.8,2026-08-14,2026 to date,3.7325,32,52640.7,6,2026-09-29,MO on the lines in force on 2026-08-14,5
2026-08-15,37.8,2026-08-14,2026 to date,3.7325,32,52640.7,6,2026-09-29,MO on the lines in force on 2026-08-15,5
2026-08-16,37.8,2026-08-14,2026 to date,3.7325,32,52640.7,6,2026-09-29,MO on the lines in force on 2026-08-16,5
2026-08-17,37.58,2026-08-17,2026 to date,3.7421,33,52640.7,6,2026-09-29,MO on the lines in force on 2026-08-17,5
2026-08-18,37.48,2026-08-18,2026 to date,3.7421,33,52640.7,6,2026-09-29,MO on the lines in force on 2026-08-18,5
2026-08-19,37.48,2026-08-18,2026 to date,3.7421,33,52640.7,6,2026-09-29,MO on the lines in force on 2026-08-19,5
2026-08-20,37.48,2026-08-18,2026 to date,3.7421,33,52640.7,6,2026-09-29,MO on the lines in force on 2026-08-20,5
2026-08-21,37.48,2026-08-18,2026 to date,3.7421,33,52640.7,6,2026-09-29,MO on the lines in force on 2026-08-21,5
2026-08-22,37.48,2026-08-22,2026 to date,3.7421,33,52640.7,6,2026-09-29,MO on the lines in force on 2026-08-22,5
2026-08-23,37.48,2026-08-23,2026 to date,3.7421,33,52640.7,6,2026-09-29,MO on the lines in force on 2026-08-23,5
2026-08-24,37.48,2026-08-23,2026 to date,3.7522,34,52640.7,6,2026-09-29,MO on the lines in force on 2026-08-24,5
2026-08-25,37.48,2026-08-25,2026 to date,3.7522,34,52640.7,6,2026-09-29,MO on the lines in force on 2026-08-25,5
2026-08-26,37.48,2026-08-26,2026 to date,3.7522,34,52640.7,6,2026-09-29,MO on the lines in force on 2026-08-26,5
2026-08-27,37.68,2026-08-27,2026 to date,3.7522,34,52640.7,6,2026-09-29,MO on the lines in force on 2026-08-27,5
2026-08-28,37.68,2026-08-28,2026 to date,3.7522,34,52640.7,6,2026-09-29,MO on the lines in force on 2026-08-28,5
2026-08-29,37.68,2026-08-29,2026 to date,3.7522,34,52640.7,6,2026-09-29,MO on the lines in force on 2026-08-29,5
2026-08-30,37.68,2026-08-30,2026 to date,3.7522,34,52640.7,6,2026-09-29,MO on the lines in force on 2026-08-30,5
2026-08-31,38.0,2026-08-31,2026 to date,3.7613,35,52670.4,7,2026-09-29,MO on the lines in force on 2026-08-31,5
2026-09-01,38.0,2026-09-01,2026 to date,3.7613,35,52670.4,7,2026-09-29,MO on the lines in force on 2026-09-01,5
2026-09-02,38.0,2026-09-02,2026 to date,3.7613,35,52670.4,7,2026-09-29,MO on the lines in force on 2026-09-02,5
2026-09-03,38.0,2026-09-03,2026 to date,3.7613,35,52670.4,7,2026-09-29,MO on the lines in force on 2026-09-03,5
2026-09-04,38.0,2026-09-04,2026 to date,3.7613,35,52670.4,7,2026-09-29,MO on the lines in force on 2026-09-04,5
2026-09-05,38.0,2026-09-05,2026 to date,3.7613,35,52670.4,7,2026-09-29,MO on the lines in force on 2026-09-05,5
2026-09-06,38.0,2026-09-06,2026 to date,3.7613,35,52670.4,7,2026-09-29,MO on the lines in force on 2026-09-06,5
2026-09-07,37.83,2026-09-07,2026 to date,3.7723,36,52670.4,7,2026-09-29,MO on the lines in force on 2026-09-07,5
2026-09-08,37.64,2026-09-08,2026 to date,3.7723,36,52670.4,7,2026-09-29,MO on the lines in force on 2026-09-08,5
2026-09-09,37.53,2026-09-09,2026 to date,3.7723,36,52670.4,7,2026-09-29,MO on the lines in force on 2026-09-09,5
2026-09-10,37.43,2026-09-10,2026 to date,3.7723,36,52670.4,7,2026-09-29,November 2026 lines,0
2026-09-11,37.28,2026-09-11,2026 to date,3.7723,36,52670.4,7,2026-09-29,November 2026 lines,0
2026-09-12,37.4,2026-09-12,2026 to date,3.7723,36,52670.4,7,2026-09-29,November 2026 lines,0
2026-09-13,37.4,2026-09-13,2026 to date,3.7723,36,52670.4,7,2026-09-29,November 2026 lines,0
2026-09-14,37.38,2026-09-14,2026 to date,3.7871,37,52670.4,7,2026-09-29,November 2026 lines,0
2026-09-15,37.38,2026-09-15,2026 to date,3.7871,37,52670.4,7,2026-09-29,November 2026 lines,0
2026-09-16,37.38,2026-09-16,2026 to date,3.7871,37,52670.4,7,2026-09-29,November 2026 lines,0
2026-09-17,37.38,2026-09-17,2026 to date,3.7871,37,52670.4,7,2026-09-29,November 2026 lines,0
2026-09-18,37.4,2026-09-18,2026 to date,3.7871,37,52670.4,7,2026-09-29,November 2026 lines,0
2026-09-19,37.96,2026-09-19,2026 to date,3.7871,37,52670.4,7,2026-09-29,November 2026 lines,0
2026-09-20,37.96,2026-09-20,2026 to date,3.7871,37,52670.4,7,2026-09-29,November 2026 lines,0
2026-09-21,37.73,2026-09-21,2026 to date,3.8053,38,52670.4,7,2026-09-29,November 2026 lines,0
2026-09-22,37.24,2026-09-22,2026 to date,3.8053,38,52670.4,7,2026-09-29,November 2026 lines,0
2026-09-23,36.86,2026-09-23,2026 to date,3.8053,38,52670.4,7,2026-09-29,November 2026 lines,0
2026-09-24,36.81,2026-09-24,2026 to date,3.8053,38,52670.4,7,2026-09-29,November 2026 lines,0
2026-09-25,36.81,2026-09-25,2026 to date,3.8053,38,52670.4,7,2026-09-29,November 2026 lines,0
2026-09-26,36.81,2026-09-26,2026 to date,3.8053,38,52670.4,7,2026-09-29,November 2026 lines,0
2026-09-27,36.8,2026-09-27,2026 to date,3.8053,38,52670.4,7,2026-09-29,November 2026 lines,0
2026-09-28,37.29,2026-09-28,2026 to date,3.8222,39,52670.4,7,2026-09-29,November 2026 lines,0
2026-09-29,37.07,2026-09-29,2026 to date,3.8222,39,52670.4,7,2026-09-29,November 2026 lines,0
